t,q_current,logq_current,roll_mean_3,roll_median_3,roll_std_3,log_slope_3,roll_mean_7,roll_median_7,roll_std_7,log_slope_7,roll_mean_14,roll_median_14,roll_std_14,log_slope_14,roll_mean_30,roll_median_30,roll_std_30,log_slope_30,ratio_mean_3,ratio_median_3,ratio_mean_7,ratio_median_7,ratio_mean_14,ratio_median_14,ratio_mean_30,ratio_median_30,DEC_RATIO_TARGET,TEST_DATE,OIL_SMOOTH,OIL_NEXT,DELTA_T
30,238.158809,5.472937715855245,240.154183,241.15187,1.4109424864033315,-0.006244592569654644,195.24875271428573,241.15187,72.70618165058947,0.1944917045789234,149.62183328571427,105.245128,70.26546894765123,0.07264923206559293,173.18886411666662,181.761273,55.444854195796175,-0.013975103218919484,0.9958628270226558,1.0,1.2882550780826176,1.0,1.1009732034665913,0.9869791951518304,1.032685539274117,0.9860553964720549,0.000664336305078409,2025-07-19,238.158809,238.000644,1.0
31,238.000644,5.472273379550167,239.10377433333335,238.158809,1.449661095261085,-0.006576760722194138,217.77437057142856,241.15187,56.1514621624805,0.11451031675111505,155.86982757142854,105.245128,73.86511521794796,0.09280585608379645,172.99841754999994,181.761273,55.211603202035484,-0.008731005216842747,0.9956414551284647,0.9993358843174263,1.2881602044136786,1.0,1.1041458793321015,0.9934621826926969,1.0334058755168274,0.9869791951518304,0.1406296615557205,2025-07-20,238.000644,206.777579,1.0
32,206.777579,5.331643717994447,227.64567733333334,238.000644,14.7561151183514,-0.07064699893039779,235.8395505714286,241.15187,12.035897856188377,-0.019332759883693547,163.1221455,156.01135349999998,73.52218653496318,0.09513313804854269,172.24389449999995,181.761273,54.58661337973991,-0.004800678518794217,0.951911790542627,0.9875884810679676,1.2694189195911765,0.9993358843174263,1.1162631130250056,0.9934621826926969,1.0309888585310114,0.9869791951518304,0.007527248802978058,2025-07-21,206.777579,205.226956,1.0
33,205.226956,5.324116469191468,216.668393,206.777579,15.09745690433288,-0.07407845517934857,230.23137114285714,238.158809,15.382173820417975,-0.028737542244781276,170.26370464285714,206.00226750000002,72.40077276374271,0.0942767775802824,171.91437636666666,181.761273,54.35618896086207,-0.0013165828757920753,0.9535493001820359,0.992501009986194,0.9763723272642527,0.992501009986194,1.1157274708811624,0.9900447455270808,1.0328167682893943,0.9900447455270808,0.0028096811232831004,2025-07-22,205.226956,204.651143,1.0
34,204.651143,5.321306788068185,205.5518926666667,205.226956,0.8980053427949246,-0.005168464963130414,225.01698157142854,238.000644,16.907482140943507,-0.03415268572307464,177.76438492857142,206.00226750000002,70.0986960469511,0.08860094881795519,171.56566446666665,181.761273,54.11094416565434,0.0021703177957359742,0.9528354261884177,0.992501009986194,0.9779186634215209,0.9971942623365714,1.1193300935538228,0.9948476361613827,1.0327232437006133,0.9900447455270808,0.031429761184044315,2025-07-23,204.651143,198.319036,1.0
35,198.319036,5.289877026884141,202.73237833333334,204.651143,3.1295455544574167,-0.017119721153663073,218.8980052857143,206.777579,17.693393618042233,-0.03707387100943069,185.15111021428575,206.00226750000002,66.32521882663023,0.07725783993123117,171.18198126666667,181.761273,53.87857684980492,0.005305140378985529,0.9862514306480895,0.992501009986194,0.97349852336745,0.992501009986194,1.1205155761135317,0.9948476361613827,1.0325105141379163,0.9900447455270808,0.011638237602975356,2025-07-24,198.319036,196.024331,1.0
36,196.024331,5.278238789281166,199.66483666666667,198.319036,3.648182734516489,-0.021533999393508876,212.45121400000002,205.226956,16.597916820652642,-0.03425808624930555,192.57587692857143,206.00226750000002,61.1031054571747,0.06134560344555481,170.9579719,181.761273,53.76072562022202,0.008153095265495595,0.9848941688915186,0.9884292247164814,0.9718455554698043,0.9884292247164814,1.1218170009120318,0.9948476361613827,1.0332503257352947,0.9904651173513377,0.0017468643393882429,2025-07-25,196.024331,195.682202,1.0
37,195.682202,5.276491924941777,196.67518966666668,196.024331,1.1707365598546267,-0.0066925509711808825,206.38312728571432,204.651143,13.580466474549873,-0.026014059412823292,200.81593999999998,206.00226750000002,52.595651286125,0.03755892229116445,170.81892353333333,181.761273,53.69115871064204,0.010905731621865993,0.9852476349593525,0.9884292247164814,0.973369295394391,0.992501009986194,1.1308121867385041,0.9977244614383225,1.0336674516296833,0.9948476361613827,0.0,2025-07-26,195.682202,195.682202,1.0
38,196.024331,5.278238789281166,195.910288,196.024331,0.16128115729371484,-2.1820295576302683e-16,200.38651114285716,198.319036,4.581405723480498,-0.010661852622365643,209.08044085714283,206.00226750000002,40.774653947896965,0.009908055514293015,171.26710809999997,181.761273,53.843355405823445,0.013055550699084718,0.9961440920840925,0.9982546605400735,0.9737139392055763,0.992501009986194,1.1309370718096272,0.9977244614383225,1.0366069828087587,0.9977244614383225,0.0,2025-07-28,196.024331,196.024331,1.0
39,405.375943,6.004814890865911,265.6941586666667,196.024331,98.77003566862116,0.36416148296206785,228.757706,198.319036,72.20236787789858,0.06937764876810454,232.2986282857143,222.3891115,51.88025166499743,-0.0009052686311894959,179.17697579999998,181.761273,68.28689864316216,0.019290705011834528,1.3559969811013974,1.0017483909957228,1.1450249228521348,0.9971942623365714,1.2072219212216555,0.9977244614383225,1.0748536339661536,0.9987952724287499,0.0,2025-08-02,405.375943,405.375943,1.0
40,405.375943,6.004814890865911,335.5920723333333,405.375943,98.68929633169,0.36328805079237364,257.35041842857146,198.319036,93.66336111498501,0.12430000129845419,243.7908947857143,222.3891115,68.47319858762275,0.01786201210834853,187.08684349999996,188.7217375,79.38489854614781,0.025134146150884884,1.3565787609213726,1.0017483909957228,1.146096207139821,0.9982546605400735,1.0612342672020367,0.9977244614383225,1.0748536339661536,0.9987952724287499,0.0,2025-08-03,405.375943,405.375943,1.0
41,405.375943,6.004814890865911,405.375943,405.375943,0.0,-1.091505157716689e-16,286.02538985714284,198.319036,103.36367204918277,0.15451031289424788,255.52118571428574,222.3891115,80.09658105255036,0.033954159195488255,194.5406658333333,195.8532665,88.50872814842026,0.031125561056050036,1.3559959639227983,1.0,1.1464970268060253,1.0,1.062207845113773,0.9987952724287499,1.0721403688219724,0.9987952724287499,0.026330545763443423,2025-08-04,405.375943,394.841471,1.0
42,394.841471,5.978484345102467,401.8644523333333,405.375943,4.965997724946538,-0.013165272881721807,314.1000234285715,394.841471,102.41343421475642,0.15299852503203262,266.49901435714287,222.3891115,87.5593507702623,0.04701098084379872,201.6433391,196.024331,95.47382004102215,0.036590206810965344,0.991337693498337,1.0,1.1472047497879547,1.0,1.0603516365777022,0.9977244614383225,1.071274138171806,0.9977244614383225,0.007848165282105926,2025-08-05,394.841471,391.754818,1.0
43,391.754818,5.970636179820362,397.3240773333334,394.841471,5.831309871211691,-0.017089355522774442,342.0615215714286,394.841471,92.60905608471626,0.12439013843851283,277.2563677857143,222.3891115,92.87449603111604,0.05767628372972843,208.64312393333333,197.1716835,101.28090929398887,0.041659040062012695,0.9887318772178751,0.9921825511586142,1.147740939279688,1.0,1.0597932473747462,0.9948476361613827,1.07101355654376,0.9948476361613827,0.0,2025-08-06,391.754818,391.754818,1.0
44,391.754818,5.970636179820362,392.78370233333334,391.754818,1.455062178313206,-0.003924082641051858,370.0718952857143,394.841471,71.29968157087845,0.07080372156296581,288.2275112857143,222.3891115,96.60507245081375,0.06579706719864405,215.64290876666666,201.48508950000002,106.31275034624487,0.04638618608699937,0.9887318772178751,0.9921825511586142,1.147990273488249,1.0,1.0606797844413198,0.9977244614383225,1.07101355654376,0.9948476361613827,0.007144104791199139,2025-08-07,391.754818,388.966054,1.0
45,388.966054,5.963492075029163,390.82523,391.754818,1.3146359570192876,-0.003572052395599085,397.6349985714286,394.841471,6.885534581577922,-0.008089449308817928,299.01075485714284,297.8718165,98.79747659051544,0.07150414663505023,222.5497348,204.9390495,110.53413449265312,0.050725553887272755,0.995021301607339,0.9928813536634028,1.146723553869346,1.0,1.060218746537461,0.9950378079999871,1.07077626833254,0.9926911818247983,0.0492182773382361,2025-08-08,388.966054,370.285303,1.0
46,370.285303,5.914273797690926,383.668725,388.966054,9.53174658652117,-0.028181191064716452,392.62205,391.754818,10.980828480738682,-0.012932752731448262,310.689878,379.6256785,96.84916659056486,0.06900964383037766,229.6380727,206.00226750000002,112.93632534671139,0.05342673206963103,0.9816182221603604,0.9928813536634028,0.9872928997335295,0.9928813536634028,1.066158911292832,0.9950378079999871,1.073599883239728,0.9926911818247983,0.4012865723690251,2025-08-09,370.285303,247.890527,1.0
47,247.890527,5.512987225321901,335.7139613333333,370.285303,62.567080418044036,-0.2252524248536297,370.12413342857144,391.754818,50.82955885214144,-0.05753743558022564,313.73727592857136,379.6256785,94.11542027189277,0.05224064798782569,232.88346613333334,222.3891115,112.01150136848585,0.05284085754858383,0.8714376172696859,0.9519733128176785,0.940072640494669,0.9921825511586142,1.043084423817245,0.9950378079999871,1.064084542010651,0.9926911818247983,0.0,2025-08-10,247.890527,247.890527,1.0
48,247.890527,5.512987225321901,288.68878566666666,247.890527,57.69745072760567,-0.20064328618451197,347.6262168571429,388.966054,63.51690335629799,-0.08457684465957356,316.8258033571428,379.6256785,91.14761833149089,0.034548824169207536,237.6383127666667,238.0797265,109.49165914715303,0.04956502071645796,0.873810499381885,0.9519733128176785,0.940072640494669,0.9921825511586142,1.0432848336503469,0.9955680071017381,1.0741122175259235,0.9950378079999871,0.3531659379420318,2025-08-11,247.890527,174.133333,1.0
49,174.133333,5.159821287379869,223.30479566666668,247.890527,34.76947469246116,-0.17658296897101564,316.0964828571428,370.285303,83.79601995861418,-0.13565169414377368,315.0982531428571,379.6256785,93.57424163114995,0.004887847635173129,239.9345862666666,238.0797265,107.39327160903984,0.04362951707953712,0.7906396013879893,0.7024606188359912,0.9012794316862376,0.9921825511586142,1.0242420907370962,0.9955680071017381,1.0641942381537899,0.9926911818247983,0.010347166703839426,2025-08-12,174.133333,172.340836,1.0
50,172.340836,5.149474120676031,198.12156533333334,174.133333,35.199577842235115,-0.18175655232293383,284.7516282857143,247.890527,90.40892315026203,-0.1597183687535935,313.40657492857144,379.6256785,95.89687843799214,-0.024880766815753585,242.35789349999996,238.0797265,104.99366163075479,0.03702589206838755,0.8973889333011918,0.9897061810675846,0.9009256645303764,0.9897061810675846,1.0243333019050322,0.9955680071017381,1.0656258593587318,0.9926911818247983,0.06586195244773206,2025-08-13,172.340836,161.355849,1.0
51,161.355849,5.083612168228298,169.27667266666666,172.340836,5.648471595194121,-0.03810455957578516,251.83748985714286,247.890527,87.349761528304,-0.16151446472765763,310.95469257142855,379.6256785,99.25551053892208,-0.05602274172756209,244.57292573333325,238.0797265,102.53159172631014,0.029417676734472147,0.8761423012300017,0.9362601037864294,0.8918199650712948,0.9519733128176785,1.019905119279772,0.9925319524110086,1.0650857873587602,0.9926911818247983,0.0016334464791344053,2025-08-14,161.355849,161.092498,1.0
52,161.092498,5.081978721749164,164.92972766666665,161.355849,5.241547702959643,-0.033747699463432805,219.28412471428572,174.133333,71.13591140683042,-0.13282673023779856,308.45956164285707,379.6256785,102.4993794638723,-0.08630597449807592,246.8734224333333,238.0797265,99.82271068165035,0.02135420180306274,0.9747780572408322,0.9897061810675846,0.8926037555291633,0.9519733128176785,1.0196636546992546,0.9925319524110086,1.0660244076697938,0.9950378079999871,0.004992025777089083,2025-08-15,161.092498,160.290324,1.0
53,160.290324,5.076986695972074,160.91289033333334,161.092498,0.45315932948602694,-0.0033127361281117037,189.28484200000003,172.340836,37.41932116892913,-0.08022241836951906,290.95344600000004,309.087915,105.34181095245255,-0.09191609666697836,249.53905593333326,238.0797265,96.34678142912247,0.012067599589429396,0.9765494681101794,0.9950204136756262,0.8987533413660129,0.9897061810675846,0.9430231205497711,0.9925319524110086,1.0701143528266661,0.9961073380060987,0.07425425397823315,2025-08-16,160.290324,148.819244,1.0
54,148.819244,5.0027324419938415,156.734022,160.290324,5.606166478294655,-0.039623139877660155,175.13180157142855,161.355849,30.710904556555924,-0.06299746184737981,272.62796749999995,247.890527,106.15509515168893,-0.09556940325770401,251.82232009999998,238.0797265,93.06530107366129,0.0019945064743344546,0.9739413019757505,0.9950204136756262,0.9357501156596081,0.9897061810675846,0.9379113780771383,0.9909443661130994,1.067728873006104,0.9939508836695146,0.0,2025-08-17,148.819244,148.819244,1.0
55,148.819244,5.0027324419938415,152.64293733333332,148.819244,5.407518970355588,-0.03712712698911568,160.97876114285714,161.092498,9.246437901957309,-0.02754912020638194,254.30248899999995,211.01193,103.77506923186361,-0.0948179518314094,254.10558426666665,238.0797265,89.60564516592568,-0.008352979238924045,0.9744853396862562,0.9950204136756262,0.9357501156596081,0.9897061810675846,0.9379113780771383,0.9909443661130994,1.067728873006104,0.9939508836695146,0.0,2025-08-18,148.819244,148.819244,1.0
56,148.819244,5.0027324419938415,148.819244,148.819244,0.0,-7.247453755242814e-18,157.36246271428573,160.290324,8.295817304560806,-0.02432967029538592,236.72947278571425,173.23708449999998,99.21904585565113,-0.09052978235831778,250.91675199999997,222.3891115,91.57196304432922,-0.011298197849576568,0.9761452017943807,1.0,0.9782557415401808,0.9950204136756262,0.9397675866132091,0.9925319524110086,0.9996013011302819,0.9939508836695146,0.002693343142931619,2025-08-19,148.819244,148.418962,1.0
57,148.418962,5.00003909885091,148.68581666666668,148.819244,0.18869474439127776,-0.0013466715714659896,153.94505214285715,148.819244,6.043033378537178,-0.017266643629323317,219.34834021428568,166.8483425,91.55728212084672,-0.08228827691571551,247.82565506666666,206.00226750000002,93.39638288867367,-0.0141345642237566,0.999103426883869,1.0,0.9793420414807554,0.9973102806516071,0.9401338530055658,0.9939508836695146,0.999965980177479,0.9961073380060987,0.016255458564711153,2025-08-20,148.418962,146.025847,1.0
58,147.468943,4.993617597677659,148.23571633333333,148.418962,0.5662816898648787,-0.004557422158090751,151.96120842857144,148.819244,5.543315089781359,-0.014963520230601381,201.8993491428571,161.2241735,79.52466591327428,-0.06996388213973599,244.70289083333333,204.9390495,95.11763079763189,-0.016796391761393095,0.9969697844184271,0.9973102806516071,0.9875333227403619,0.9973102806516071,0.9396766439058283,0.9932402131335387,0.9997526159309349,0.9943097431396504,0.009833957391459848,2025-08-22,147.468943,146.025847,1.0
59,146.025847,4.983783640286199,147.304584,147.468943,0.9838733866600903,-0.008127729282354765,149.80882971428568,148.819244,4.383692547135926,-0.010733292815461733,184.5464772142857,160.69141100000002,61.20842654282478,-0.053861390338858756,241.5320234,201.48508950000002,96.75464293406839,-0.019302839133894533,0.9937078637033653,0.9935990726036745,0.9863685157384092,0.9950204136756262,0.9394861356337861,0.9919066552292443,0.9994264238594288,0.9932402131335387,0.02502963095381837,2025-08-23,146.025847,142.416236,1.0
60,142.416236,4.95875400933238,145.30367533333333,146.025847,2.1250272067378857,-0.01743179417263853,147.25538857142854,148.418962,2.1930282425219274,-0.006390990918423056,168.2701152857143,154.55478399999998,33.824934939835394,-0.03579020072037063,238.3406043,197.1716835,98.37866197154581,-0.021833699746788168,0.9863647745173377,0.990214237854814,0.9835486013695374,0.9935990726036745,0.9411509713677751,0.9919066552292443,0.9990161749269472,0.9932402131335387,0.03961421818076125,2025-08-24,142.416236,136.884813,1.0
61,136.884813,4.919139791151619,141.775632,142.416236,3.7592025538138585,-0.03232192456728959,145.55046985714287,147.468943,4.113072699723558,-0.012678224157653874,160.34113571428574,148.819244,26.43486919497051,-0.027879986585769168,234.9700766,196.024331,100.05051761407998,-0.02439593729842574,0.9755518055678656,0.9752810130935244,0.9882235385655541,0.9935990726036745,0.961986827112581,0.9919066552292443,0.997743650974875,0.9926911818247983,0.05378207066402171,2025-08-25,136.884813,122.925152,2.0
62,122.925152,4.811575649823576,134.07540033333336,136.884813,8.201430303001397,-0.07358917975440117,141.85131385714286,146.025847,8.650808444350016,-0.02750473500909477,151.41503749999998,148.819244,13.10081525038575,-0.02043271524001146,232.17499569999998,195.8532665,101.95228559411622,-0.02837588618041775,0.9448200331087014,0.9611601657552585,0.9736548129194571,0.990214237854814,0.9547024642895325,0.9899602094611992,0.998717248116036,0.9926911818247983,0.246882330419238,2025-08-27,122.925152,96.033138,1.0
63,96.033138,4.564693319404338,118.61436766666668,122.925152,16.95389795401617,-0.1772232358736407,134.31044157142858,142.416236,17.633390856878073,-0.06195589582794527,145.83645214285715,148.619103,17.96461657324542,-0.02859893007795473,228.5352017666666,184.90776749999998,104.75988763420654,-0.033769137878585195,0.8801372338899934,0.8980189204773212,0.9424023294105144,0.9752810130935244,0.9603290354753474,0.9899602094611992,0.9916749682977429,0.9925319524110086,0.0,2025-08-28,96.033138,96.033138,1.0
64,96.033138,4.564693319404338,104.99714266666666,96.033138,12.677016972775718,-0.12344116520961904,126.82675242857144,136.884813,20.87588393162747,-0.08114756557473171,140.38590228571428,147.9439525,20.49416834172359,-0.034490313189758405,224.91460159999997,173.23708449999998,107.36729917844286,-0.038843869847108074,0.8930838453049073,0.8980189204773212,0.9427865750317134,0.9752810130935244,0.9610643082562343,0.9919066552292443,0.9917684928865239,0.9925319524110086,0.0,2025-08-29,96.033138,96.033138,1.0
65,96.033138,4.564693319404338,96.033138,96.033138,0.0,7.893018645117566e-16,119.4787802857143,122.925152,21.36357215044335,-0.08570852908031976,135.71999435714287,146.74739499999998,22.524260545462255,-0.039982504398644696,221.50507166666662,166.8483425,109.75525328434216,-0.0437987120846805,0.9270775384791334,1.0,0.9437009932311884,0.9752810130935244,0.965617157985775,0.9943097431396504,0.9927998588991405,0.9932402131335387,0.0,2025-08-30,96.033138,96.033138,1.0
66,508.391651,6.231252117071879,233.4859756666667,96.033138,194.3876672148674,0.833279398833771,171.24532371428572,122.925152,138.86522995412759,0.10220425176088165,160.5270767142857,146.74739499999998,98.82441623421454,0.004368382129037738,231.91731566666664,166.8483425,121.07692667728453,-0.03775916340309247,2.431306323309634,1.0,1.5585159549560579,0.9752810130935244,1.2724422353472333,0.9943097431396504,1.1363161837395546,0.9943097431396504,0.0,2025-09-08,508.391651,508.391651,1.0
67,617.033815,6.424923827914156,407.15286799999996,508.391651,224.4213221392676,0.9301152542549087,239.04783500000002,122.925152,207.261347626372,0.26273946588515057,193.15161178571427,146.74739499999998,153.58222912082536,0.04903642264275983,245.9623694333333,166.8483425,139.14890031252665,-0.03090619977949696,2.5025389145519052,1.213697773726815,1.5925754921893855,1.0,1.288062046779461,0.9954546766276409,1.143497620845779,0.9943097431396504,0.0,2025-09-14,617.033815,617.033815,1.0
68,617.033815,6.424923827914156,580.8197603333334,617.033815,51.21440725812066,0.0968358554211391,307.64054957142855,122.925152,239.10615039760785,0.36525229817710414,226.59550971428573,146.74739499999998,187.5170198887136,0.08533152233547571,259.99601889999997,166.8483425,153.85755362860075,-0.024552170752436334,2.5025389145519052,1.213697773726815,1.598124039938634,1.0,1.293173789252094,0.9986551403258035,1.1434393411459216,0.9943097431396504,0.0,2025-09-15,617.033815,617.033815,1.0
69,617.033815,6.424923827914156,617.033815,617.033815,0.0,4.499426194757427e-16,378.22750142857143,508.391651,246.96126020403327,0.39862082325210385,260.0394076428571,146.74739499999998,210.9520698567647,0.1153752313208498,267.05128129999997,166.8483425,164.82432748676902,-0.013697476748320739,1.0712325912422715,1.0,1.612692765584731,1.0,1.293173789252094,0.9986551403258035,1.1078397447536417,0.9943097431396504,0.0,2025-09-16,617.033815,617.033815,1.0
70,617.033815,6.424923827914156,617.033815,617.033815,0.0,4.499426194757427e-16,452.6561695714286,617.033815,228.51897653337596,0.33910086619254876,293.4833055714285,146.74739499999998,227.16058238270352,0.13916754959888195,274.1065437,166.8483425,174.82110169910243,-0.003029705519310259,1.0,1.0,1.643945249093674,1.0,1.2931737892520943,0.9986551403258035,1.1078397447536419,0.9943097431396504,0.013740329772338425,2025-09-17,617.033815,608.613548,1.0
71,608.613548,6.411183498141817,614.2270593333334,617.033815,3.9693519300675226,-0.006870164886168409,525.8819424285714,617.033815,179.3460657167218,0.2116719270677494,326.35434742857143,146.74739499999998,236.87901569256988,0.15622710478674903,280.88113053333325,166.8483425,183.49922414994413,0.007362495645741763,0.9954512125617189,1.0,1.641995768762982,1.0,1.2923911718973475,0.9967995363018373,1.1073848660098136,0.9932402131335387,0.0,2025-09-18,608.613548,608.613548,1.0
72,608.613548,6.411183498141817,611.4203036666667,608.613548,3.9693519300675226,-0.006870164886169445,599.1077152857143,617.033815,37.216559744554324,0.018296910130897685,359.2932477857143,327.208749,241.7265316208218,0.16687212960938422,288.0068664333333,166.8483425,191.75133661461254,0.0173922976710343,0.9954512125617189,1.0,1.641995768762982,1.0,1.2928483809970852,1.0,1.1082510966599801,0.9943097431396504,0.0016493411328952728,2025-09-19,608.613548,607.610564,1.0
73,607.610564,6.409534157008921,608.27922,608.613548,0.4728111918811113,-0.0008246705664478821,613.2818457142857,617.033815,4.34344395061561,-0.0031210715011682367,392.2635847142857,558.0011075,241.8683122966846,0.17091477509899106,295.2020579666667,166.8483425,199.40637029381978,0.02716480885702136,0.9949018853226216,0.9983520182827083,1.02834334709924,1.0,1.293429651027649,1.0,1.1084567455641166,0.9961653471636167,0.009159029256180388,2025-09-20,607.610564,602.070849,1.0
74,602.070849,6.400375127752741,606.0983203333333,607.610564,2.877138419990778,-0.005404185194537814,611.1442791428572,608.613548,5.499134676613556,-0.00422020614525243,425.09605707142856,604.8407064999999,236.8706277422029,0.1676035461312724,302.21259233333336,166.8483425,206.25700853463522,0.03668294678320718,0.9964116017241677,0.9983520182827083,0.9965126346939515,1.0,1.2945440634416685,1.0,1.108152838460443,0.9943097431396504,0.010888070082988742,2025-09-21,602.070849,595.551018,1.0
75,595.551018,6.3894870576697524,601.7441436666667,602.070849,4.928706031177626,-0.010023549669583721,608.0753081428572,608.613548,7.1135329258053295,-0.005609180435319212,457.85792885714284,604.8407064999999,226.2220983763371,0.15633847008524412,309.09875780000004,166.8483425,212.39564478476774,0.0458903618669462,0.9928019318595501,0.9908827868897948,0.9949656333234012,0.9983520182827083,1.2965448366310177,1.0,1.1080291596852012,0.9943097431396504,0.05361218906932004,2025-09-22,595.551018,564.463018,1.0
76,564.463018,6.335874868600433,587.3616283333332,595.551018,16.409079102040206,-0.03225012957615302,600.5651942857143,607.610564,15.951626832261823,-0.011476718902656717,489.39634785714287,604.8407064999999,207.3178034717214,0.13353248170765938,315.5713483,166.8483425,217.0689273745921,0.054222913759188696,0.9759511265265179,0.9891709904061474,0.9875084336496313,0.9908827868897948,1.3001005996171813,1.0,1.1078900360007322,0.9943097431396504,0.06769871641870856,2025-09-23,564.463018,527.514394,1.0
77,527.514394,6.2681761521817245,562.5094766666667,564.463018,27.810163539434335,-0.06065545274401399,587.7767055714286,602.070849,28.539613169754485,-0.021417371296507757,520.2164375714285,604.8407064999999,176.30117949152313,0.09395305001735955,324.89214386666663,166.8483425,219.94699521290428,0.059163619453121694,0.9571708620049403,0.9477996022836116,0.9781572898389257,0.9891709904061474,1.3110512694662997,1.0,1.1167261629339686,0.9943097431396504,0.07725020733560832,2025-09-24,527.514394,488.298034,1.0
78,488.298034,6.190925944846116,526.7584820000001,527.514394,31.098818296347684,-0.0724744618771573,570.5887749999999,595.551018,43.25245498082799,-0.03599960459620771,548.2353587142858,604.8407064999999,132.35395080846683,0.04467863291844916,332.9057274333333,166.8483425,221.37043850962783,0.06326992384194839,0.9359999379204947,0.9345419933250614,0.9694865156200192,0.9891709904061474,1.3057411421915006,0.9991760091413542,1.1142481035390621,0.9922409297467347,0.031136883681472684,2025-09-25,488.298034,473.328221,1.0
79,473.328221,6.159789061164643,496.3802163333333,488.298034,22.847707245271067,-0.05419354550853993,551.2622997142856,564.463018,51.40117773383904,-0.04605159138693271,575.1850075,604.8407064999999,50.85147631705024,-0.012633684705170482,342.8788903666666,166.8483425,220.73151228561892,0.06443807669751286,0.9431810294168481,0.9345419933250614,0.9651069265875438,0.9693428767726721,1.303551347675263,0.9946174025862515,1.1231441788036183,0.9922409297467347,0.021316872233345982,2025-09-26,473.328221,463.345126,1.0
80,463.345126,6.138472188931297,474.99046033333326,473.328221,10.254565946122929,-0.0262268779574091,530.6529514285714,527.514394,53.55324906182103,-0.049644776186745544,571.9673985714286,604.8407064999999,56.12745796786743,-0.022624966850858092,352.57903336666664,312.3504875,219.4142291185612,0.06495241709253116,0.9579699404500759,0.9693428767726721,0.9623293134649776,0.9693428767726721,0.9953363302821087,0.9900268886479711,1.122784263648857,0.9922409297467347,0.00020520935676845376,2025-09-27,463.345126,463.250053,1.0
81,463.250053,6.138266979574529,466.6411333333333,463.345126,4.72864433110212,-0.010761040795056645,510.8214091428572,488.298034,48.939113093400906,-0.04488759588003663,560.9828441428571,598.8109334999999,61.06396807888702,-0.025829506584947325,362.6421735,463.29758949999996,217.3263201469037,0.06457116956013288,0.982682138298216,0.9789087264247445,0.96360245986604,0.9693428767726721,0.9800575472799957,0.9900268886479711,1.1249020872458835,0.9943097431396504,0.0,2025-09-28,463.250053,463.250053,1.0
82,463.250053,6.138266979574529,463.28174399999995,463.250053,0.04481784200517212,-0.00010260467838360668,491.9212712857143,473.328221,36.54484205081651,-0.0323248488645325,549.9982897142856,580.007018,63.76522551638508,-0.02777401621644459,372.714092,463.29758949999996,214.73846498419468,0.06370940001137311,0.9929011793739919,0.9997948116972315,0.9651494612365903,0.9693428767726721,0.9800575472799957,0.9900268886479711,1.1249564910169343,0.9943097431396504,0.0,2025-09-29,463.250053,463.250053,1.0
83,463.345126,6.138472188931297,463.28174399999995,463.250053,0.04481784200517212,0.00010260467838607152,477.47585814285713,463.345126,22.175532528924574,-0.018426853638734572,539.0205262142857,545.9887060000001,64.50465478390598,-0.028452632620871367,382.8159187333333,463.345126,211.61340303527788,0.06234454297798726,1.00000001403696,1.0,0.9726359795408813,0.9789087264247445,0.9800722065952563,0.9900268886479711,1.1251293182415347,0.9954546766276409,0.0,2025-10-01,463.345126,463.345126,1.0
84,467.131141,6.146610034093332,464.57544,463.345126,1.807570269705177,0.004171527259401956,468.8496791428571,463.345126,8.656632912303243,-0.006278095931493337,528.3131923571428,507.906214,63.09225634271079,-0.027639611080084225,393.4263153,465.2381335,207.55594970880267,0.06004779376450237,1.0027920926138263,1.0002052304136488,0.9831544158412769,0.9997948116972315,0.9806558528401013,0.9900268886479711,1.1277871663096912,0.9978311494671577,0.0,2025-10-03,467.131141,467.131141,1.0
85,467.131141,6.146610034093332,465.869136,467.131141,1.7847445867826672,0.004068922581018353,465.8258372857143,463.345126,3.490202272252212,-0.0008234350547538644,518.2073061428571,480.81312749999995,60.706642688561864,-0.026056210108403408,404.0367118666666,467.131141,202.8633804910863,0.057242089003921,1.0027920926138263,1.0002052304136488,0.9937746703908753,1.0,0.9816305930054472,0.9946174025862515,1.127787166309691,0.9978311494671577,0.0,2025-10-04,467.131141,467.131141,1.0
86,468.470741,6.149473647220233,467.57767433333333,467.131141,0.631493496051648,0.0014318065634508926,465.13191157142853,463.345126,2.1583594064366793,0.002072626372257933,508.1971056428571,470.899481,56.373581882707605,-0.023228031337279537,414.6917617666667,467.80094099999997,197.50244048138362,0.05394590361964247,1.0036795882037814,1.0028677171835134,0.9985639333067098,1.0,0.9818354299471267,0.9946174025862515,1.127882756882475,0.9978311494671577,0.0,2025-10-06,468.470741,468.470741,1.0
87,483.792413,6.18165591595292,473.1314316666667,468.470741,7.558263657845474,0.017522940929794513,468.0529525714286,467.131141,6.7390541357624665,0.005739928199593317,499.352952,470.899481,49.35962552623001,-0.01838436008621158,425.87087679999996,470.899481,191.51509406140906,0.05032854131553399,1.0118578117659782,1.0028677171835134,1.0062492178338065,1.0002052304136488,0.9842892656493919,0.9953387992935132,1.129062604797902,0.9990734149899698,0.0,2025-10-10,483.792413,483.792413,1.0
88,483.792413,6.18165591595292,478.685189,483.792413,7.222705446877384,0.01609113436634431,470.98757542857146,467.131141,8.300453047935228,0.007835638439475295,490.90449228571424,470.899481,40.35654510335557,-0.012840972256529528,437.0816591333333,478.560317,184.60929517920977,0.04614114560306609,1.0118578117659782,1.0028677171835134,1.0062785304484876,1.0002052304136488,0.9849404951572637,0.9998974058486158,1.1292759690444463,0.9998974058486158,0.0,2025-10-11,483.792413,483.792413,1.0
89,490.759212,6.195953604248859,486.1146793333333,483.792413,3.2841805440424294,0.0071488441479699155,474.9174552857143,468.470741,10.037240052821902,0.009913638983265707,483.41936328571427,470.899481,28.114378418151336,-0.006286623283546349,448.57277129999994,483.792413,176.69410291398052,0.04144956827655977,1.01570203574446,1.0144003891189588,1.008335728894053,1.0028677171835134,0.9867425950653218,1.0,1.1300821740865845,1.0,0.013604600177599019,2025-10-14,490.759212,484.12784,1.0
90,484.12784,6.18234900407126,486.2264883333334,484.12784,3.2080436091022086,0.0003465440591717537,477.8864144285714,483.792413,9.21514799424038,0.008503082820625825,477.6811362857143,470.899481,16.981717724202905,-0.0010377154787098795,459.9631581,483.9601265,167.3583273097023,0.035958259716984645,1.000295971089867,1.0,1.0063760565707667,1.0028677171835134,0.9895060180558239,1.0,1.1304557244551547,1.0,0.00658063906434709,2025-10-15,484.12784,480.952429,1.0
91,480.952429,6.175768365006913,485.279827,484.12784,4.085629591499045,-0.010092619620972599,479.8608841428572,483.792413,8.114075003621133,0.005982978383526134,474.35528164285716,470.899481,10.034909673703437,0.0024661872161071685,471.4320786333332,483.9601265,156.24544151978802,0.029606869002582515,0.9981096263976607,0.9934409659233809,1.004271759212988,1.0,0.9937130875271326,1.0,1.1315317511274259,1.0,0.004638905612076067,2025-10-16,480.952429,478.726503,1.0
92,489.910519,6.19422276014294,484.99692933333336,484.12784,3.708398694316319,0.005936878035840763,483.115081,483.792413,6.821056811021075,0.004398761606944523,474.4704591428571,470.899481,10.202139531157071,0.004356836286932424,483.6649242,486.212937,142.2174672111505,0.022073594401654125,0.9995180732988208,0.9934409659233809,1.0069325777590508,1.0028677171835134,1.000353624074963,1.0,1.1355519781055965,1.0,0.0,2025-10-19,489.910519,489.910519,1.0
93,489.910519,6.19422276014294,486.924489,489.910519,4.222884123652946,0.009227197568013046,486.1779064285714,484.12784,3.6202347688109944,0.0015231779181480623,475.654909,474.711585,10.936900037764442,0.005206503191130153,496.7941702333334,489.10427649999997,122.66261752442881,0.012222489664210773,1.0040222319152734,1.0,1.0065229038756918,1.0,1.0025434185912008,1.0,1.142844224257683,1.0,0.0,2025-10-20,489.910519,489.910519,1.0
94,491.516642,6.1974957986274255,490.44589333333334,489.910519,0.7571336431464392,0.0016365192422446318,487.28136771428575,489.910519,3.8919482710103575,0.0019975612815483624,477.6671601428571,482.37242100000003,11.077637077508605,0.005295574532341983,509.9769537000001,489.910519,97.5685068875515,0.001667460396082613,1.0073013768486874,1.0032784007236226,1.002319001391292,1.0,1.0042841096125492,1.0001026152068244,1.1429535042818038,1.0,0.0,2025-10-22,491.516642,491.516642,1.0
95,497.294227,6.209181856966402,492.90712933333333,491.516642,3.1706862795969144,0.007479548411731972,489.2101982857143,489.910519,4.90003883182542,0.003158312228606378,480.0988868571429,483.792413,11.378486130659185,0.0054523236728128265,523.3523233333333,490.3348655,60.286195131613155,-0.009538672157165428,1.0050110026012138,1.0032784007236226,1.0039982309741518,1.0032784007236226,1.0051383807113197,1.001536473798581,1.1433453245178045,1.0,0.0,2025-10-24,497.294227,497.294227,1.0
96,499.935925,6.214479940210279,496.2489313333333,497.294227,3.515732624606745,0.008492070791427815,490.52115728571425,489.910519,6.195437715869284,0.005946172529304519,482.71930628571425,483.9601265,11.420757295853672,0.005448732873474322,523.0704658000001,490.3348655,60.375183198500565,-0.009948811369670277,1.0067817169031112,1.0053121429056928,1.0026999100865424,1.0032784007236226,1.0055178194902978,1.003073058953568,1.0003917636170307,1.0,0.0,2025-10-26,499.935925,499.935925,1.0
97,504.501124,6.2235700677396455,500.577092,499.935925,2.976929338940725,0.007194105386622367,493.43162642857135,491.516642,7.210639841180804,0.007102805898440574,485.6590204285714,487.0191795,11.352072223551266,0.0053766231224031714,519.3193761000001,490.3348655,57.86434470133742,-0.00895717503419168,1.0087327727320592,1.0091315682104662,1.00593477352366,1.0053121429056928,1.0061554150472134,1.0042952718146578,0.9935728900998193,1.0,0.009090127529366748,2025-10-28,504.501124,499.935925,1.0
98,499.935925,6.214479940210279,501.457658,499.935925,2.1520554469107003,7.930322163377012e-16,496.1435544285714,497.294227,5.332473903751071,0.004873224892081791,488.00221928571426,489.910519,10.649792648573422,0.004939019441512646,515.4161131,490.3348655,55.02090947298886,-0.007934594578135104,1.0017982579643923,1.0053121429056928,1.0055790730741794,1.0053121429056928,1.0049254161435839,1.003073058953568,0.9932712588590532,1.0,0.0,2025-10-29,499.935925,499.935925,1.0
99,499.935925,6.214479940210279,501.457658,499.935925,2.1520554469107003,-0.004545063764682448,497.57575528571425,499.935925,4.78419860986007,0.0038974297907492217,490.3454181428571,490.3348655,9.326599668596351,0.004203086502965379,511.5128501,490.3348655,51.72859602444413,-0.006818379466815356,1.0000275436624946,1.0,1.0029182545281168,1.0032784007236226,1.0049254161435839,1.003073058953568,0.9932712588590532,1.0,0.009884284695780985,2025-10-30,499.935925,490.149953,2.0
100,490.149953,6.194711370818717,496.67393433333336,499.935925,4.613151441134461,-0.009884284695780678,497.6099601428571,499.935925,4.729820244772722,8.010296648636986e-05,491.8939332857143,490.4545825,7.100113569244038,0.002698412866790012,507.2833880333334,490.030236,47.97932827711017,-0.005736068857597602,0.9904588701036446,0.9909510627770177,1.0001219041758191,1.0032784007236226,1.0033224040257553,1.0016392003618113,0.9926187771101838,1.0,0.0,2025-11-01,490.149953,490.149953,1.0
101,490.149953,6.194711370818717,493.4119436666667,490.149953,4.613151441134461,-0.009884284695780763,497.4147188571429,499.935925,4.997924473489105,-0.003287097312698233,492.34804328571425,490.4545825,6.762725525967462,0.002055846008182394,503.33460153333334,490.030236,44.20348556775994,-0.004646088684142113,0.9934751825113054,1.0,0.9996535612153016,1.0,1.0009862813032968,1.0,0.9930736558540117,1.0,0.3956633173528007,2025-11-02,490.149953,329.985282,1.0
102,329.985282,5.799048053465916,436.7617293333333,490.149953,75.50234998040825,-0.19783165867640035,473.513441,499.935925,58.807869940875904,-0.0472779151238038,481.3618196428571,490.4545825,42.459215973565065,-0.009948773675299826,494.04699266666665,489.910519,49.998994573193734,-0.006012458221161626,0.8845529570986536,0.9804255475339164,0.9512933778841625,1.0,0.9776458044291573,1.0,0.9821814333127465,1.0,0.0,2025-11-03,329.985282,329.985282,1.0
103,329.985282,5.799048053465916,383.37350566666663,329.985282,75.50234998040825,-0.1978316586763993,449.23477771428577,490.149953,75.57831255203554,-0.07586422806076717,469.87796749999995,490.149953,57.457581509155204,-0.019800248195236642,484.7928166,489.10427649999997,53.680334910347966,-0.007117839701622255,0.8910777745873482,1.0,0.9505345003262065,1.0,0.9766172052063744,1.0,0.9822363660366561,1.0,0.0,2025-11-04,329.985282,329.985282,1.0
104,329.985282,5.799048053465916,329.985282,329.985282,0.0,1.0057770816546001e-15,424.30394314285724,490.149953,81.76605731932992,-0.08831509825266444,458.8677847857142,490.149953,67.55368144924516,-0.02835558623407076,475.7232977,486.212937,56.03299664055241,-0.008014757933997379,0.8910777745873482,1.0,0.9492299905818541,1.0,0.9775823820527572,1.0,0.9825402731403297,1.0,0.0,2025-11-05,329.985282,329.985282,1.0
105,437.882572,6.081950773974473,365.9510453333333,329.985282,50.863270287100974,0.1414513602542792,415.43917842857144,437.882572,76.2644937182987,-0.05659205181306483,455.7913664285713,490.149953,67.45852960455518,-0.027360094202889925,470.4676828333333,483.9601265,51.78014249884168,-0.006894033703469281,1.1089920226603722,1.0,0.9972335627538682,1.0,1.0014063179140238,1.0,0.9938004423928287,1.0,0.0,2025-11-11,437.882572,437.882572,1.0
106,437.882572,6.081950773974473,401.91680866666667,437.882572,50.863270287100974,0.1414513602542784,406.5744137142857,437.882572,69.20758461172883,-0.020135820865043164,452.07508449999995,490.149953,66.90740021861595,-0.025343830503345953,466.2483346333333,483.792413,49.033347208456625,-0.006006213876447047,1.1089920226603722,1.0,0.9972335627538682,1.0,1.0000759086409925,1.0,0.9955404556500417,1.0,0.0,2025-11-12,437.882572,437.882572,1.0
107,437.882572,6.081950773974473,437.882572,437.882572,0.0,4.885983192784536e-16,399.107645,437.882572,62.25855068943675,0.018229513249748166,448.3588025714285,490.149953,66.14322103491936,-0.02283406356789629,463.26060723333336,482.37242100000003,47.92750259955175,-0.005472301061600219,1.1089920226603722,1.0,1.0000299131061658,1.0,1.0000759086409925,1.0,0.997722389205873,1.0,0.004746362698445755,2025-11-13,437.882572,435.809147,1.0
108,435.809147,6.0772044112760275,437.1914303333333,437.882572,0.9774219185211382,-0.0023731813492228067,391.34467271428565,435.809147,53.14312503550056,0.0601134726770002,444.3796957857143,464.0162625,65.09454021634791,-0.01985850139173407,461.5109776666667,477.14032499999996,47.93962834793036,-0.0054189110919689865,0.9984216278270454,1.0,0.9993534678891853,1.0,0.9995035145522434,1.0,1.0000426113834837,1.0,0.8003968559337163,2025-11-14,435.809147,195.743975,1.0
109,195.743975,5.276807555342311,356.47856466666667,435.809147,113.65967038866933,-0.4025716093160806,372.16734314285713,435.809147,85.93154293707173,-0.03608602781252172,422.8403920714286,437.882572,89.3815177035039,-0.03883741279216675,452.2581694666667,474.711585,67.545110275276,-0.010693509809559834,0.8148051880371755,0.9952648834811357,0.9673416617275205,1.0,0.9593175198058415,1.0,0.9827028715120745,1.0,0.030565515204960363,2025-11-15,195.743975,189.851472,1.0
110,189.851472,5.24624204013735,273.80153133333334,195.743975,114.5819387989807,-0.4154811855693376,352.1482274285714,435.809147,107.1340989676463,-0.11690895856958851,400.69150257142866,437.882572,104.64868755271819,-0.05441661396349662,443.14171433333337,474.711585,82.28230253366033,-0.01591944556130711,0.8047708170346112,0.9698968869923071,0.9630412170121359,1.0,0.9567878586691713,1.0,0.9824024768643265,1.0,0.052835545907414974,2025-11-16,189.851472,180.080954,1.0
111,180.080954,5.193406494229936,188.55880033333335,189.851472,6.459401764867623,-0.04170053055618737,330.73332342857145,435.809147,123.20121159714672,-0.18364976876928638,377.5186332857143,436.84585949999996,114.54683999441146,-0.06694973685726627,433.70274436666665,474.711585,94.73385755710453,-0.02109068320933615,0.7891945193015388,0.9485359902819188,0.9556892156238386,0.9952648834811357,0.9524596031028463,0.9976324417405679,0.9806938494838159,1.0,0.0,2025-11-17,180.080954,180.080954,1.0
112,180.080954,5.193406494229936,183.33779333333334,180.080954,4.605866355670154,-0.02641777295370583,293.90452085714287,195.743975,124.19478930071249,-0.18834584892361997,354.6718496428572,382.8972145,119.63685717006065,-0.07525434275306027,424.2637744,474.711585,104.88299155246989,-0.025841515747089542,0.9728109590914086,0.9698968869923071,0.9089783487693932,0.9952648834811357,0.9531059557616307,1.0,0.980693849483816,1.0,0.0,2025-11-18,180.080954,180.080954,1.0
113,180.080954,5.193406494229936,180.080954,180.080954,0.0,2.352946371210455e-16,257.0757182857143,189.851472,113.83071396684326,-0.16130820480136324,331.825066,329.985282,120.25400446017022,-0.07907071372146787,414.8216353333333,474.711585,113.34850911250835,-0.030170527937624085,0.9828453300939729,1.0,0.9089783487693932,0.9952648834811357,0.9531059557616307,1.0,0.9806870084700277,1.0,0.0,2025-11-19,180.080954,180.080954,1.0
114,186.541044,5.228651289937929,182.23431733333334,180.080954,3.0453156307169396,0.017622397853997232,221.16978571428575,186.541044,87.79960141885925,-0.0987606082909453,310.13871535714276,329.985282,117.08082256896525,-0.07804356667824666,405.46863209999987,474.711585,120.02609708625519,-0.03379553486342935,1.0119577516972358,1.0,0.9141030994967799,0.9952648834811357,0.9570665063014729,1.0,0.9816104153921569,1.0,0.0012377749939456886,2025-11-24,186.541044,186.310291,1.0
115,186.310291,5.227413514943984,184.31076299999998,186.310291,2.9924098281165796,0.01700351035702447,185.527092,186.310291,5.525366404102943,-0.006548700771208007,288.4358823571428,262.8646285,109.62472275444802,-0.07280536669691498,396.1079370999999,474.711585,125.66985247015894,-0.03702009195308642,1.011545415275088,1.0,0.9146028291042686,0.9987629907335568,0.956978148496727,1.0,0.9815691817499421,1.0,0.0,2025-11-25,186.310291,186.310291,1.0
116,203.609758,5.316205210836339,192.15369766666666,186.541044,8.1012056924667,0.0437769604492052,186.65077528571427,186.310291,7.814521097133736,0.011183869615466295,279.4090592142858,199.67686650000002,111.02588726569648,-0.07382224803853257,387.2792376666666,459.41750049999996,129.5206740452616,-0.03924306412036054,1.0424964108913206,1.0358732550917074,1.0065603014211697,1.0,0.986950981574345,1.0,0.9845686907387817,1.0,0.01286708442352602,2025-11-29,203.609758,201.006677,1.0
117,201.006677,5.303338126412813,196.97557533333335,201.006677,7.616001799118933,0.037962305734415336,188.24437600000002,186.310291,9.3008270888763,0.021764262516981138,270.1963017142857,198.375326,111.79547576424149,-0.07308437424223066,377.85304646666657,437.882572,132.41163488434998,-0.04095634957902543,1.0262771067263161,0.9987629907335568,1.0090343665075108,1.0,0.9860377917598233,1.0,0.9830523448881909,1.0,0.03998494490087149,2025-11-30,201.006677,193.128,1.0
118,314.000149,5.749393460430434,239.53886133333336,203.609758,52.66280489052785,0.21659412479704826,207.37568957142858,186.541044,44.38687155174761,0.0705492172809162,269.0545065,198.375326,111.25934976569995,-0.05742311759684066,372.19330433333323,437.882572,131.3872513203269,-0.03940106100752554,1.21406874431798,1.0928529868486974,1.0966917826827436,1.0,1.026190499153291,1.0,1.0017902750051424,1.0,0.0,2025-12-08,314.000149,314.000149,1.0
119,314.000149,5.749393460430434,276.33565833333336,314.000149,53.26563352067487,0.22302766700881144,226.50700314285714,201.006677,55.87368817098843,0.09947749468054724,260.205762,198.375326,102.0231037959073,-0.032217135690572454,366.3013355666666,436.84585949999996,129.89295647746903,-0.03755483734187222,1.1831177487017477,1.0,1.0966917826827436,1.0,1.0028350657260685,1.0,1.0013102620345107,1.0,0.0,2025-12-09,314.000149,314.000149,1.0
120,314.000149,5.749393460430434,314.000149,314.000149,0.0,3.267475659247452e-16,245.6383167142857,203.609758,59.510750084079,0.10854909471587522,251.35701749999998,198.375326,91.00650497388649,-0.005549363395100008,360.6304125333333,382.8972145,128.32938767114533,-0.03560374656117299,1.1873793011695162,1.0,1.0966917826827436,1.0,1.0028350657260685,1.0,1.0017606778961556,1.0,0.008667684468581743,2025-12-10,314.000149,311.290256,1.0
121,311.290256,5.740725775961852,313.09685133333335,314.000149,1.2774558110599818,-0.004333842234289602,263.4596327142857,311.290256,57.79915964650281,0.10187030772355046,242.31470921428567,198.375326,77.27783784758142,0.022332551161903098,354.97500676666664,329.985282,126.62944722958305,-0.03356132131402262,0.9971232572037197,1.0,1.0903341421855224,1.0,1.0022186208411512,0.9993814953667783,1.0016916380857483,1.0,0.004308590511909042,2025-12-11,311.290256,309.951919,1.0
122,309.951919,5.736417185449943,311.7474413333333,311.290256,1.6840042270308047,-0.0064881374902454984,281.1227224285714,311.290256,49.87243524409376,0.07626468653353156,233.3249072142857,198.375326,59.52752199442675,0.0514347797384531,348.9763867666666,329.985282,124.33697356824767,-0.0312258543978041,0.9956901499196507,0.9957006781477926,1.0898966689589846,1.0,1.0022497490316267,0.9993814953667783,1.0009274696965933,1.0,0.0,2025-12-12,309.951919,309.951919,1.0
123,309.951919,5.736417185449943,310.39803133333334,309.951919,0.6308981121419184,-0.002154295255954517,296.31445971428576,311.290256,38.94714243758773,0.04516489081006534,241.48261750000003,202.3082175,61.60766383030582,0.055648264606533764,342.97776676666655,321.99271550000003,121.70613050600078,-0.02868669200897454,0.9956901499196507,0.9957006781477926,1.076631956552028,1.0,1.041596128986599,1.0,1.0009274696965933,1.0,0.0,2025-12-13,309.951919,309.951919,1.0
124,309.951919,5.736417185449943,309.951919,309.951919,0.0,6.069020546327311e-16,311.87806571428575,311.290256,1.889268799206795,-0.0027806303529625655,250.06122085714287,256.78083849999996,62.18005844849686,0.056833833016834805,336.9256093333332,314.000149,118.64506127655129,-0.025921261468330927,0.9985668927159308,1.0,1.0784583361810716,1.0,1.0437463513442913,1.0,1.0008181896724726,1.0,0.0,2025-12-14,309.951919,309.951919,1.0
125,313.032595,5.746307322498424,310.978811,309.951919,1.452244593492451,0.004945068524240973,311.7398437142857,311.290256,1.7599236720733873,-0.001411412652461478,259.5577666428572,309.951919,60.90660897004482,0.05440552956426534,330.7835549333333,314.000149,114.89423463828764,-0.02280627831160944,1.0033130686956644,1.0,0.9995728079779921,1.0,1.0481322953303678,1.0,1.0007576763060384,1.0,0.0,2025-12-16,313.032595,313.032595,1.0
126,313.032595,5.746307322498424,312.005703,313.032595,1.452244593492451,0.00494506852424179,311.6016217142857,311.290256,1.6084512503723158,6.802425989735621e-05,269.05431242857145,309.951919,58.0732434093453,0.04954689280062534,324.5534439333333,313.51637200000005,110.53788164859314,-0.019448805800161423,1.0033130686956644,1.0,0.9995728079779921,1.0,1.0481322953303678,1.0,1.0005806048758488,1.0,0.0,2025-12-17,313.032595,313.032595,1.0
127,313.032595,5.746307322498424,313.032595,313.032595,0.0,-9.660788327264435e-19,311.4633997142858,311.290256,1.427826626574899,0.0016576803841123543,278.55085821428577,310.6210875,53.43238175686963,0.04225792272591536,318.17115963333333,313.032595,105.37049779910568,-0.015820334581519976,1.0033130686956644,1.0,0.9995728079779921,1.0,1.0481322953303678,1.0,1.0002762192688333,1.0,0.0,2025-12-18,313.032595,313.032595,1.0
128,313.032595,5.746307322498424,313.032595,313.032595,0.0,-9.660788327264435e-19,311.7123052857143,313.032595,1.524539243902322,0.002119315081817366,287.5859690000001,312.1614255,47.472240735459614,0.03370053568215661,311.9410486333334,313.032595,99.81846866828838,-0.012042201174431081,1.0,1.0,1.0008056977478266,1.0,1.0455699199666744,1.0,1.0005778505095992,1.0,0.02029171909278085,2025-12-19,313.032595,306.744638,1.0
129,306.744638,5.726015603405643,310.93660933333337,313.032595,2.964171356339616,-0.010145859546389397,311.25412228571435,313.032595,2.2796859464029464,-0.00040801685842659666,296.1884223571429,312.1614255,38.38233574097638,0.022247168334581836,305.5013390666667,313.032595,93.51517416667797,-0.00818667391156164,0.9933042574474819,1.0,0.9985502826327769,1.0,1.0442234757958808,1.0,0.9999082762543474,1.0,0.029660795696525705,2025-12-20,306.744638,297.779955,1.0
130,297.779955,5.696354807709118,305.852396,306.744638,6.258744740085578,-0.02497625739465301,309.51527028571434,313.032595,5.278947173176951,-0.005741806121715815,302.9148650000001,312.1614255,28.564644993263176,0.010681890915374604,299.08900579999994,312.1614255,87.00260582102185,-0.004441504836173588,0.9835625136760173,0.9799127723424457,0.9943752495878636,1.0,1.0355036030699456,1.0,0.9995865836260704,1.0,0.0014793160494695164,2025-12-21,297.779955,297.33977,1.0
131,297.33977,5.694875491659649,300.6214543333333,297.779955,4.33347238523231,-0.015570055872997045,307.71353471428574,313.032595,6.765451842397888,-0.009803294328132426,309.79580021428575,312.1614255,5.385737389273717,-0.003020829512055947,292.66199969999997,310.6210875,79.44456865179286,-0.0004841415537142841,0.9830697728757397,0.9799127723424457,0.9941640749591732,1.0,1.0363112055701222,1.0,0.9995373095460426,1.0,0.0,2025-12-22,297.33977,297.33977,1.0
132,297.33977,5.694875491659649,297.4864983333334,297.33977,0.20750519898439337,-0.0007396580247340494,305.4717025714286,306.744638,7.2164621620064855,-0.010968273892256502,308.6057731428572,310.6210875,6.116349162718917,-0.00373947240152925,291.5738159666667,309.951919,79.14891333562161,0.0009669055820000078,0.9897655154282577,0.9985217775991672,0.9927441883753171,1.0,0.9961584981766547,1.0,1.0104295320873078,1.0,0.008034683354060192,2025-12-23,297.33977,294.960311,1.0
133,294.960311,5.686840808305588,296.54661699999997,297.33977,1.121687729636906,-0.004017341677030087,302.8899477142857,297.779955,7.282124242716395,-0.011157261285787866,307.2457847142858,309.951919,6.839703241088757,-0.004448038249378285,290.40631693333336,309.951919,78.83139190117264,0.002412466467735373,0.9968397620129181,0.9985217775991672,0.9916009752952581,0.9985217775991672,0.9955868916366252,1.0,1.0101627823686274,1.0,0.016749224756943355,2025-12-24,294.960311,290.061098,1.0
134,290.061098,5.670091583548645,294.120393,294.960311,3.0302764676883736,-0.012391954055501496,299.6083052857143,297.33977,7.146699400330837,-0.011017004396389687,305.53585250000003,309.951919,7.854477485785353,-0.005360196663360794,289.0755108,308.3482785,78.48824621638495,0.0037998931982691476,0.9917959240292116,0.9919975084395874,0.9892281558164077,0.9919975084395874,0.9944004818972,0.9992608887995835,1.0096091244902288,1.0,0.000120181902822279,2025-12-25,290.061098,290.02624,1.0
135,290.02624,5.669971401645823,291.6825496666666,290.061098,2.317770953418006,-0.008434703329882026,296.3216831428572,297.33977,5.25789761444636,-0.00816763346265969,304.0169942142857,308.3482785,8.614096940547553,-0.0062129570070176355,284.1469663999999,302.2622965,73.47126189870978,0.007194975546248635,0.9917558658021227,0.9919975084395874,0.9892109880047981,0.9919975084395874,0.9950083428763122,0.9999399126593667,0.9987059164014828,1.0,0.0,2025-12-26,290.02624,290.02624,1.0
136,290.02624,5.669971401645823,290.0378593333333,290.02624,0.0164322187857538,-6.009095141032514e-05,293.9333405714286,294.960311,3.4761178265708925,-0.0054907966545905094,302.59373142857146,302.2622965,9.14563017936431,-0.006896750557370502,279.218422,297.5598625,67.7278875799932,0.010773363510392136,0.9944233629889269,0.9998798253187332,0.9920805919558774,0.9985217775991672,0.995315437294327,1.0,0.998705916401483,1.0,0.08173162782119595,2025-12-27,290.02624,267.264759,1.0
137,267.264759,5.588239773824626,282.43907966666666,290.02624,10.729865043299148,-0.04086581391059724,289.5740268571429,290.061098,9.621220995148137,-0.013806597864016988,299.54464857142864,297.5598625,12.634511692848363,-0.009623664094683938,273.53116156666664,297.33977,60.99459875219667,0.014007756266046684,0.9737996869858501,0.9998798253187332,0.9850440872349074,0.9985217775991672,0.9897096684113854,0.9999399126593667,0.9960898909227768,0.9999399126593667,0.0,2025-12-28,267.264759,267.264759,1.0
138,267.264759,5.588239773824626,274.85191933333334,267.264759,10.729865043299148,-0.04086581391059787,285.2775967142857,290.02624,11.687335856852608,-0.018472478727493465,296.49556571428576,297.33977,14.731782224710624,-0.011699248350128396,267.9130153,296.1500405,53.03094962028015,0.01742908667612802,0.9738397452129389,1.0,0.9852552618635979,0.9998798253187332,0.9897096684113854,0.9999399126593667,0.9962477281400723,1.0,0.0054450644897286625,2025-12-29,267.264759,265.81344,1.0
139,265.81344,5.582794709334898,266.78098600000004,267.264759,0.6841583377099251,-0.0027225322448636963,280.77383528571426,290.02624,12.23301761160793,-0.01991334086361843,293.1227689285715,296.1500405,15.917229191240526,-0.012953028120712346,270.2486641333333,296.1500405,51.31628354408196,0.015512868670359597,0.9720296562142617,0.9945697330039684,0.9844795094355935,0.9945697330039684,0.9886118489054551,0.9992008014589502,1.0144283632191915,1.0,0.0335865592307106,2025-12-30,265.81344,257.033943,1.0
140,257.033943,5.549208150104187,263.370714,265.81344,4.519777408956552,-0.019515811860219508,275.35578271428574,267.264759,13.116872319265097,-0.022097689742015023,289.12286521428575,292.5107045,17.380258830780875,-0.014447687108158244,272.4880798333333,296.1500405,49.180382123594775,0.013033020965585715,0.9871803134429751,0.9945697330039684,0.9809043235620747,0.9945697330039684,0.9862526494286664,0.9965457553015677,1.0143308405636131,1.0,0.0,2025-12-31,257.033943,257.033943,2.0
141,257.033943,5.549208150104187,259.960442,257.033943,4.1386945760712965,-0.01679327961535462,270.6376177142857,267.264759,12.917221738950236,-0.021759332935639163,285.12296150000003,290.043669,17.854695446192302,-0.01507597610705802,275.0531794666666,296.1500405,46.21098748541018,0.010053988801843255,0.9871803134429751,0.9945697330039684,0.9832771430409251,0.9998798253187332,0.9862526494286664,0.9965457553015677,1.0160463075542159,1.0,0.0,2026-01-02,257.033943,257.033943,1.0
142,257.033943,5.549208150104187,257.033943,257.033943,0.0,6.008415715979216e-16,265.92443242857144,265.81344,10.833973054399266,-0.01712087949236502,281.12305778571425,290.02624,17.421493692577297,-0.014837895117411942,277.6182791,296.1500405,42.88404447662111,0.006916646668857509,0.9889904024416524,1.0,0.9832943108525346,1.0,0.9862526494286664,0.9965457553015677,1.0160463075542159,1.0,0.026761062667042253,2026-01-03,257.033943,250.246664,1.0
143,250.246664,5.522447087437145,254.77151666666668,257.033943,3.1995540044700386,-0.013380531333520863,260.24163585714285,257.033943,6.099892991897541,-0.01103670949407265,277.0874882142857,278.6454995,17.562140714248287,-0.015167003701995875,279.9571361,296.1500405,39.26100953181181,0.0034483425494219156,0.9911979472169038,1.0,0.9795220025169219,0.9945697330039684,0.9858012972363995,0.9965457553015677,1.0151661022759062,1.0,0.0,2026-01-04,250.246664,250.246664,1.0
144,250.246664,5.522447087437145,252.50909033333335,250.246664,3.1995540044700386,-0.01338053133352008,257.81047942857145,257.033943,6.206706214965712,-0.01135976081992722,273.69225314285717,267.264759,17.82628071275562,-0.01557913405253809,282.0806567666667,296.1500405,35.71352300937136,7.670305301918654e-05,0.9911979472169038,1.0,0.9907335402828051,1.0,0.9878888137588563,0.9992008014589502,1.0139703271061826,1.0,0.0,2026-01-05,250.246664,250.246664,1.0
145,250.246664,5.522447087437145,250.246664,250.246664,0.0,9.125995610222566e-16,255.37932300000003,257.033943,5.293077215081874,-0.009333073346228168,270.32845985714283,266.5390995,17.48662162029683,-0.015275603524394657,284.2118692000001,296.1500405,31.60635480170306,-0.0034341939783803566,0.9911979472169038,1.0,0.9907335402828051,1.0,0.9879944010732015,0.9999399126593667,1.0140115607483975,1.0,0.0,2026-01-06,250.246664,250.246664,1.0
146,250.957178,5.525282318999308,250.48350200000002,250.246664,0.334939511685314,0.0014176157810817092,253.25699985714286,250.957178,3.279186419266636,-0.005430738618420355,267.0154175714286,261.4236915,16.416270883787128,-0.014133139328661908,285.7901165333334,296.1500405,28.579303778019227,-0.006445714559728866,1.0009464182107939,1.0,0.9919149005154358,1.0,0.9881972049755144,0.9999399126593667,1.0110111030078537,1.0,0.0,2026-01-08,250.957178,250.957178,1.0
147,250.957178,5.525282318999308,250.72034,250.957178,0.334939511685314,0.0014176157810818464,252.38889057142862,250.957178,2.952481521721105,-0.004272469840156887,263.8723366428572,257.033943,14.908194959934352,-0.012510090308731863,287.45513323333336,296.1500405,24.795988722987257,-0.009639000176328787,1.0009464182107939,1.0,0.9966332994690132,1.0,0.9887688115155439,1.0,1.0114372582546305,1.0,0.0,2026-01-09,250.957178,250.957178,1.0
148,250.957178,5.525282318999308,250.957178,250.957178,0.0,1.2085425572537755e-15,251.5207812857143,250.957178,2.274643540429941,-0.002259707093862117,261.0791995000001,257.033943,13.318320806460662,-0.01072906632779465,285.35370086666666,292.5107045,25.12648936675326,-0.009854793697406312,1.0009464182107939,1.0,0.9966332994690132,1.0,0.9899552212549692,1.0,0.9926993281376789,1.0,0.0,2026-01-10,250.957178,250.957178,1.0
149,250.957178,5.525282318999308,250.957178,250.957178,0.0,1.2085425572537755e-15,250.65267200000002,250.957178,0.35161324213970707,0.0006075496204635285,258.28855221428574,253.9955605,10.81924066904276,-0.00831548014783198,283.2522685,290.043669,25.278604452407357,-0.009970871471462084,1.0,1.0,0.9966332994690132,1.0,0.9899638051607739,1.0,0.9926993281376789,1.0,0.0,2026-01-11,250.957178,250.957178,1.0
150,250.957178,5.525282318999308,250.957178,250.957178,0.0,1.2085425572537755e-15,250.754174,250.957178,0.32097750706240596,0.0005062913503861903,255.49790492857147,250.957178,6.41551585291515,-0.005265898000192735,281.1508361333333,290.02624,25.255557452600907,-0.009987233498496374,1.0,1.0,1.000405607804626,1.0,0.9899638051607739,1.0,0.9926993281376789,1.0,0.0,2026-01-12,250.957178,250.957178,1.0
151,250.957178,5.525282318999308,250.957178,250.957178,0.0,1.2085425572537755e-15,250.855676,250.957178,0.24862810787197434,0.0003037748102316816,254.33307771428576,250.957178,5.602216674672293,-0.004274769153706972,279.13973353333324,278.6454995,25.17752424868282,-0.009963656912775017,1.0,1.0,1.000405607804626,1.0,0.9955695740437155,1.0,0.9929870024173069,1.0,0.0,2026-01-13,250.957178,250.957178,1.0
152,272.090207,5.60613365469684,258.00152099999997,250.957178,9.962205408607986,0.040425667848766444,253.97618214285717,250.957178,7.3950196813485,0.008662643110449689,254.6777525714286,250.957178,6.468670057470947,-0.000696866079268428,277.87767646666657,269.67748300000005,24.542312597306005,-0.00935231406603389,1.0280699004353642,1.0,1.0124355651340677,1.0,1.0015845527084366,1.0,0.9959373031892504,1.0,0.0,2026-01-17,272.090207,272.090207,1.0
153,285.343469,5.653693609038996,269.46361800000005,272.090207,14.160472673734246,0.06420564501984492,258.88850942857147,250.957178,13.031170300709261,0.019533447911218735,256.0727546428572,250.957178,9.910131507829137,0.003981730791560883,277.0573948,269.67748300000005,23.85829582653949,-0.008376164603624338,1.0443062584017502,1.0487090738991574,1.018988396457893,1.0,1.0054516484866645,1.0,0.9975609389858888,1.0,0.03134716617059868,2026-01-19,285.343469,276.537502,1.0
154,276.537502,5.622346442868397,277.9903926666667,276.537502,5.507292551827766,0.008106394085778724,262.5428414285715,250.957178,13.855281199577385,0.022459510263720252,257.46586600000006,250.957178,11.230256525567508,0.006345801622639278,275.9435809,269.67748300000005,23.063355867742708,-0.007565447992410832,1.0340192791916765,1.0487090738991574,1.014579691082147,1.0,1.0056064952755803,1.0,0.9965322410648816,1.0,0.01621278817155749,2026-01-20,276.537502,272.090207,1.0
155,272.090207,5.60613365469684,277.99039266666665,276.537502,5.507292551827766,-0.02377997717107734,265.5618455714286,272.090207,13.292885368861148,0.02018191231680227,258.54131342857147,250.957178,11.841675299624693,0.007925162933368703,274.5788346333333,269.67748300000005,22.015849645801428,-0.006740367671143768,1.0005886893165605,0.9839179316807455,1.012282252750825,1.0,1.0044577761099192,1.0,0.9956648652513399,1.0,0.0,2026-01-21,272.090207,272.090207,1.0
156,383.931538,5.950464250234473,310.85308233333336,276.537502,51.70615772596128,0.16405890368303883,284.5581827142857,272.090207,42.272868040953,0.05190933047400409,267.6054273571429,250.957178,34.36503188328323,0.01909231926124971,276.9421327333333,269.67748300000005,28.782341680721125,-0.0036314309302559705,1.1213673458841844,0.9839179316807455,1.0710029732654005,1.0,1.033818136367207,1.0,1.0093663667047408,1.0,0.0,2026-01-28,383.931538,383.931538,1.0
157,383.931538,5.950464250234473,346.65109433333333,383.931538,52.72250904468614,0.1721652977688168,303.5545198571429,276.537502,51.725895774706316,0.06845167965852172,277.15434692857144,250.957178,45.10881056718728,0.027613479676457848,279.30543083333333,269.67748300000005,34.073133020109715,-0.0006133315320761747,1.1316543250942581,1.0,1.0710029732654005,1.0,1.0357042905350131,1.0,1.0093663667047408,1.0,0.0,2026-01-29,383.931538,383.931538,1.0
158,387.332108,5.959282485227555,385.0650613333333,383.931538,1.603044071266366,0.004409117496541306,323.0366527142857,285.343469,53.88387972009009,0.07075377076247047,286.9461643571429,261.52369250000004,52.48133482172157,0.03450519554071091,281.7820812666667,269.67748300000005,38.80617617083685,0.002370822362060763,1.1399674245892972,1.0088572301658636,1.072268291860524,1.0088572301658636,1.036336949832575,1.0,1.0096616077102696,1.0,0.0,2026-01-31,387.332108,387.332108,1.0
159,392.9067,5.97357217910418,388.05678199999994,387.332108,3.6997520219845406,0.01155396443485396,340.29615171428577,383.931538,54.14973749111445,0.07063708537326827,297.13616692857147,272.090207,57.932930876360444,0.03988503277818415,284.65415,269.67748300000005,43.45713119683,0.005212464021511958,1.007749836591725,1.0088572301658636,1.0622943744752693,1.0088572301658636,1.0373649698046685,1.0,1.0108109246191652,1.0,0.0,2026-02-02,392.9067,392.9067,1.0
160,395.862603,5.981067188927986,392.0338036666667,392.9067,3.536834483245927,0.010892351850214924,356.08459942857144,383.931538,51.89035981883863,0.06499491149951887,307.48655442857137,274.31385450000005,61.587177225371676,0.043589514889960566,287.92357159999995,269.67748300000005,47.79470936186474,0.007787755840451681,1.0102575591630123,1.0088572301658636,1.0564106735916556,1.0075231677138619,1.0376995350247742,1.0,1.0120358712534405,1.0,0.007495009823804974,2026-02-04,395.862603,392.9067,1.0
161,392.9067,5.97357217910418,393.892001,392.9067,1.3934260372197624,1.7877416305755685e-15,372.70877057142854,387.332108,41.30349520452674,0.042379620695669806,317.625806,280.9404855,63.111859048772416,0.04507640388620539,291.1091359333333,269.67748300000005,51.36742973981411,0.010177810986452351,1.0048161516815137,1.0075231677138619,1.05975266578474,1.0075231677138619,1.0371661784334434,1.0,1.0118362455908472,1.0,0.0002621831162984917,2026-02-05,392.9067,392.8037,1.0
162,392.8037,5.973309995987882,393.85766766666666,392.9067,1.4183268354264702,-0.0038785964700510534,389.95355528571423,392.8037,4.470277515191157,0.0048763499535739415,327.7577004285714,334.6375035,62.98147705998195,0.044585297056688344,294.2912669333333,269.67748300000005,54.51530976739287,0.012442171652973103,0.9999313422286406,0.9997378512506913,1.062012654294732,1.0075231677138619,1.0371474535227783,1.0,1.0118275072992036,1.0,0.028333465026781815,2026-02-06,392.8037,381.8304,1.0
163,392.8037,5.973309995987882,392.83803333333327,392.8037,0.04855466564148034,-0.0001310915581483638,391.221007,392.8037,3.789030467893448,0.003449723527888523,337.8895948571429,383.931538,61.195715399842456,0.04212483780084787,297.55271323333335,269.67748300000005,57.312799867848554,0.014527234390098322,0.9974236196573533,0.9997378512506913,1.0032919337801565,1.0,1.0371474535227783,1.0,1.012094257017884,1.0,0.001123074013835483,2026-02-08,392.8037,392.3628,1.0
164,392.3628,5.972186921974046,392.6567333333333,392.8037,0.2078422532167655,-0.00056153700691642,392.42547299999995,392.8037,2.345495005420567,0.001086848252385115,347.98999642857143,385.631823,57.576439611946256,0.037662938289717555,300.9627699666667,269.67748300000005,59.75691996383455,0.01636207833095426,0.9995384692161515,0.9997378512506913,1.0031315846941227,1.0,1.0370672789797615,1.0,1.0126105001095411,1.0,0.023574553816820176,2026-02-09,392.3628,383.2212,1.0
165,383.2212,5.948612368157226,389.46256666666665,392.3628,4.416981744987801,-0.01234881391532771,391.8382004285714,392.8037,3.6814492229168847,-0.0033179339237512503,357.4374265714286,385.631823,51.39966948342479,0.030563064260854915,304.06926863333337,269.67748300000005,61.504475748187296,0.017909585591826673,0.991859570517715,0.9988775563977631,0.9985378596926253,0.9997378512506913,1.0354030757765746,1.0,1.0118378777707628,1.0,0.0,2026-02-10,383.2212,383.2212,1.0
166,401.7631,5.995862611428889,392.4490333333333,392.3628,7.569944563572149,0.011837844727422258,393.10340042857143,392.8037,5.085389457697239,-0.00023772958589400313,366.6997760714286,389.84745399999997,46.64953383839585,0.025617834407109945,307.7938306333334,269.67748300000005,63.87871927408677,0.019637954948773618,1.0079876796445935,0.9988775563977631,1.0033938665171003,0.9997378512506913,1.0328441204961847,1.0,1.0134506886834507,1.0,0.0,2026-02-13,401.7631,401.7631,1.0
167,401.7631,5.995862611428889,395.58246666666673,401.7631,8.740735484055229,0.023625121635831768,393.9463285714286,392.8037,5.897115571123199,0.0031171035723383963,375.015464,392.58325,41.49783537144597,0.020527420820768322,312.2771086666668,272.090207,65.57421946747257,0.02065765625632734,1.0083618275120056,1.0,1.0023191282722628,0.9997378512506913,1.0293649009319592,1.0,1.0160667141621567,1.0,0.013148740048123955,2026-02-14,401.7631,396.515,1.0
168,397.4575,5.98508801013923,400.3279,401.7631,2.0296793047178787,-0.005387300644829175,394.59644285714285,392.8037,5.996674811416536,0.0037183915282464164,383.65260671428575,392.8037,31.475974360992016,0.012591698851779753,316.61686670000006,274.31385450000005,66.74926471869605,0.021426476782432993,1.012555854731191,1.0,1.0018548752853442,0.9997378512506913,1.0308037705350421,1.0,1.0157094887225877,1.0,0.0,2026-02-16,397.4575,397.4575,1.0
169,397.4575,5.98508801013923,398.89270000000005,397.4575,2.0296793047178787,-0.005387300644828593,395.26127142857143,397.4575,6.0189997196293294,0.0038709450734314855,392.60741335714283,392.85519999999997,5.928645039732719,0.002527020933087815,321.00500203333337,280.9404855,67.58709889009151,0.021981171953297043,0.9964277456043126,1.0,1.001892325106674,1.0,1.031952489700703,1.0,1.0158904976224554,1.0,0.002374138758465189,2026-02-17,397.4575,396.515,1.0
170,396.515,5.982713871380765,397.14333333333326,397.4575,0.44429876084554515,-0.0011870693792325041,395.79145714285715,397.4575,5.942137700202111,0.0033484832462327067,393.50623207142866,392.9067,5.482255903775358,0.002080335142570798,325.6543706,334.28233450000005,67.82365434182698,0.02210992275002184,0.9956373046976328,0.9976286772799607,1.001553564718097,0.9988775563977631,1.0024227492491267,1.0,1.0169124132876222,1.0,0.012252096454818524,2026-02-18,396.515,391.6865,1.0
171,391.6865,5.970461774925947,395.2196666666667,396.515,2.5277825042690667,-0.007313117606641251,395.6948428571429,397.4575,6.002292969442624,0.0010170049614380053,394.0601579285714,392.9067,4.841139191495652,0.0011418328768774877,330.14278916666666,383.576369,67.58908803463083,0.021966744238683687,0.9951504440535363,0.9976286772799607,0.9999742930727947,0.9976286772799607,1.0015529388834588,0.9998689256253457,1.0165065017836439,1.0,0.010515501069535953,2026-02-19,391.6865,387.5893,1.0
172,387.5893,5.959946273856411,391.9302666666667,391.6865,3.6479763123621796,-0.011383798762175905,396.3188571428572,397.4575,4.774559789987271,-0.00574731516006374,394.0785287857143,392.9067,4.815995840151623,0.00010569755977616944,334.49463439999994,383.931538,66.94166270010744,0.021568291693828276,0.9916636418958582,0.989539593526966,1.0018083556973068,0.9976286772799607,1.000173107694966,0.9993077038242272,1.0161578215678762,1.0,0.2303937185066422,2026-02-20,387.5893,307.8315,1.0
173,307.8315,5.729552555349769,362.36910000000006,387.5893,38.60016513159842,-0.12045460978808832,382.9000571428572,396.515,30.936566870376968,-0.030851424143438607,388.0017287857143,392.85519999999997,22.74847756185927,-0.007044944372038513,336.4141289333333,383.931538,65.30396991333605,0.019316115672471098,0.9238610299671439,0.9878226548806477,0.9654992862849043,0.989539593526966,0.9844465764010023,0.998253116838862,1.0101787215626465,1.0,0.0,2026-02-21,307.8315,307.8315,1.0
174,307.8315,5.729552555349769,334.41743333333335,307.8315,37.59818748834694,-0.11519685925332103,369.48125714285715,391.6865,39.130774735270045,-0.04644445969541666,381.71379285714283,392.8037,30.539019003924988,-0.012875884337115052,338.33362346666667,383.931538,63.56620052592296,0.016971790388416497,0.9279201450069281,0.989539593526966,0.9654992862849043,0.989539593526966,0.9839092072785834,0.998253116838862,1.0101787215626463,1.0,0.0,2026-02-22,307.8315,307.8315,1.0
175,307.8315,5.729552555349769,307.8315,307.8315,0.0,5.107832574313997e-16,356.67754285714284,387.5893,42.407882377954785,-0.05406565057166207,375.6369928571429,392.58325,35.730309858587326,-0.01784835370922631,340.2531179999999,383.931538,61.71990192502582,0.014535315841664268,0.9314069471646061,1.0,0.9670302524544846,0.9976286772799607,0.9844425638699145,0.9993077038242272,1.0101787215626465,1.0,0.0016874101776105828,2026-02-23,307.8315,307.3125,1.0
176,307.3125,5.727865145172158,307.6585,307.8315,0.24465894629054802,-0.0008437050888046197,343.7996857142857,307.8315,41.75100945580079,-0.052741369153029544,369.53047857142855,392.02465,39.39240123626416,-0.021805064469347626,342.1316287333333,383.931538,59.80129434093241,0.012015358836058148,0.9994380042328351,1.0,0.9667893971256998,0.9976286772799607,0.9843408611161868,0.9985957845481344,1.0100278801648506,1.0,0.01722722288697492,2026-02-24,307.3125,302.0637,1.0
177,302.0637,5.7106379222851835,305.73589999999996,307.3125,2.605267725206001,-0.009457316532292369,330.3066428571429,307.8315,37.58909461634764,-0.04441549340324311,363.04905,389.6379,42.38147877046141,-0.025175103132543928,343.83517946666666,383.931538,57.87671956810392,0.00929412149317317,0.9937447766550438,0.9983140126985055,0.9646882028380805,0.989539593526966,0.9831208837780887,0.9979713449892331,1.0094585574070714,1.0,0.0,2026-02-25,302.0637,302.0637,1.0
178,302.0637,5.7106379222851835,303.81329999999997,302.0637,2.474308048727975,-0.008613611443487193,317.5033857142857,307.8315,28.71856901187445,-0.02812291896501673,356.5991142857143,385.40525,44.25909913250861,-0.027427563692008678,345.53873020000003,383.931538,55.83395347704629,0.006490412246712873,0.9937447766550438,0.9983140126985055,0.9664278235694166,0.9983140126985055,0.9832010583211056,0.9979713449892331,1.0094585574070714,1.0,0.0,2026-02-26,302.0637,302.0637,1.0
179,302.0637,5.7106379222851835,302.0637,302.0637,0.0,1.430781196433489e-16,305.2854428571428,307.3125,2.795278230392492,-0.004053135656697249,350.80215,347.7104,45.684522870610756,-0.029307541411637435,347.24228093333335,383.931538,53.659499472012556,0.003604231096676875,0.9943067724222087,1.0,0.9679221673512786,1.0,0.9848652615242927,0.9991570063492528,1.0094585574070714,1.0,0.005161882520283792,2026-02-27,302.0637,300.5085,1.0
180,300.5085,5.7054760397649,301.5453,302.0637,0.733128310734192,-0.0025809412601410886,304.2393,302.0637,3.0088188152258617,-0.004545929848955365,343.56967857142854,307.8315,45.05486387468027,-0.028731259641034592,348.8939916666667,383.931538,51.3847050170416,0.0006022755751927537,0.9982838057005857,1.0,0.9965836781524127,1.0,0.9810414822186584,0.9979713449892331,1.0092869379771299,1.0,0.0,2026-02-28,300.5085,300.5085,1.0
181,300.5085,5.7054760397649,301.0269,300.5085,0.733128310734192,-0.002580941260140856,303.1931571428571,302.0637,2.8466772183207047,-0.004178848484611358,336.33720714285715,307.8315,43.22254737618292,-0.02687855337960089,350.5457024,383.931538,48.94872459111298,-0.0024798551279445733,0.9982838057005857,1.0,0.9965836781524127,1.0,0.9810414822186584,0.9979713449892331,1.0092869379771299,1.0,0.0,2026-03-01,300.5085,300.5085,1.0
182,329.9461,5.798929307786851,310.32103333333333,300.5085,13.877017721238062,0.046726634010975904,306.35238571428573,302.0637,9.86382748942947,0.00706095858154418,331.51496428571437,307.8315,39.762006370719675,-0.02143453589120378,352.47423216666664,383.931538,46.917243177624265,-0.004481641284312491,1.0309369031448623,1.0,1.0105778627713884,1.0,0.9888040576129364,0.9991570063492528,1.009745257678021,1.0,0.0,2026-03-05,329.9461,329.9461,1.0
183,329.9461,5.798929307786851,320.1335666666667,329.9461,13.877017721238062,0.046726634010976625,309.5857571428572,302.0637,12.893100857087111,0.01558196589243074,326.6927214285715,307.8315,35.31766763558146,-0.015172238392466645,353.9609865333333,383.931538,45.45015417679224,-0.006241210026124864,1.0326530974442765,1.0,1.0108187181001733,1.0,0.9888040576129364,0.9991570063492528,1.0081216218813824,1.0,0.0,2026-03-06,329.9461,329.9461,1.0
184,329.9461,5.798929307786851,329.9461,329.9461,0.0,1.5400912055175904e-16,313.5689571428572,302.0637,14.195197326143909,0.019103935554653537,321.93780000000004,307.8315,29.61856447179708,-0.008169929194107714,355.74127313333327,383.931538,43.38153664383307,-0.008281587121393126,1.0326530974442765,1.0,1.0132586727763695,1.0,0.9889734378072249,1.0,1.00915031980239,1.0,0.0,2026-03-07,329.9461,329.9461,1.0
185,329.9461,5.798929307786851,329.9461,329.9461,0.0,1.5400912055175904e-16,317.5521571428572,329.9461,14.319337975804117,0.019472641448959084,317.5277714285714,307.8315,22.691417270426545,-0.0007636910279122942,357.66980289999987,383.931538,40.830970650277514,-0.010512345120589272,1.0,1.0,1.0132586727763695,1.0,0.989843248172893,1.0,1.009686388746365,1.0,0.0,2026-03-08,329.9461,329.9461,1.0
186,329.9461,5.798929307786851,329.9461,329.9461,0.0,1.5400912055175904e-16,321.5353571428572,329.9461,13.298552121281803,0.016688083575348435,313.41040000000004,307.8315,12.583618836691725,0.0070498711344039455,355.87028829999986,383.576369,40.823531741497334,-0.010454191628019603,1.0,1.0,1.0132586727763695,1.0,0.990590420063824,1.0,0.9959848872929642,1.0,0.0038084699514930797,2026-03-09,329.9461,328.6919,1.0
187,328.6919,5.795120837835358,329.5280333333333,329.9461,0.591235549976124,-0.0019042349757458056,325.5615571428571,329.9461,10.237018252660581,0.00960479979326343,314.9004285714286,307.8315,13.060797414423522,0.007866989439951141,354.0289670333332,356.58365000000003,40.7620491188878,-0.010353185130710903,0.998732924357443,1.0,1.013451152200737,1.0,1.0050174151765747,1.0,0.9958581797287085,1.0,0.009127238990191845,2026-03-10,328.6919,325.7055,1.0
188,325.7055,5.785993598845166,328.11449999999996,328.6919,1.7787102368476726,-0.006467854470841581,329.16112857142855,329.9461,1.4756327937670837,-0.0016580023831443227,316.1771428571429,316.7685,13.180455860570563,0.008135117257930058,351.97474676666656,329.9461,40.584424110136055,-0.010181130317747547,0.9957043536300638,0.996198773072329,1.0121531933175745,1.0,1.0043684357349936,1.0,0.9952600816504418,1.0,0.0015839719518140917,2026-03-11,325.7055,325.19,1.0
189,325.19,5.7844096268933525,326.5291333333333,325.7055,1.5437194916463517,-0.005355605471002331,328.4816857142857,329.9461,1.9699394047450727,-0.0026156760898340906,317.4170357142857,325.44775,13.153492183534222,0.008109896235547842,349.71752343333327,329.9461,40.12564041403955,-0.009843642112940294,0.995176780919952,0.996198773072329,0.9979329061085508,1.0,1.0042553844399695,1.0,0.9947275817257869,0.9998689256253457,0.002770832969767428,2026-03-12,325.19,324.2902,1.0
190,324.2902,5.781638793923585,325.0619,325.19,0.5848508242848263,-0.002177402460789828,327.6737,328.6919,2.3305053314678315,-0.0033516647256601377,318.6297285714286,325.44775,12.947010141585835,0.00770874966512507,347.33177666666666,329.9461,39.432827837912605,-0.00938817476400945,0.9955215239774562,0.9972330022448416,0.9975376207149568,0.9984172818696645,1.004178169407565,1.0,0.9943845762101529,0.9993077038242272,0.0187028967812199,2026-03-13,324.2902,318.2814,1.0
191,318.2814,5.7629358971423645,322.5872,324.2902,3.0667404237507023,-0.010736864875492922,326.00731428571424,325.7055,3.8103691944964178,-0.005474016807214317,319.7881357142857,325.44775,12.111542113479256,0.005968936503574265,344.84426666666667,329.9461,38.828536287317796,-0.00901632755327316,0.9923737337376112,0.9972330022448416,0.9948906088718606,0.9972330022448416,1.0040746408241152,1.0,0.9940158398560514,0.9993077038242272,0.0,2026-03-14,318.2814,318.2814,1.0
192,318.2814,5.7629358971423645,320.28433333333334,318.2814,2.832575484529155,-0.009351448390609926,324.3409285714286,325.19,4.24886914357027,-0.006310889937179919,320.94654285714284,325.44775,11.093692753524033,0.0039992421338597315,342.36019000000005,329.31899999999996,38.056982031241425,-0.008552568243022123,0.992901306447723,0.9972330022448416,0.9948906088718606,0.9972330022448416,1.0040746408241152,1.0,0.994024578147695,0.9994387781988816,0.0,2026-03-15,318.2814,318.2814,1.0
193,318.2814,5.7629358971423645,318.2814,318.2814,0.0,1.573776830599146e-16,322.67454285714285,324.2902,4.004145589566999,-0.005862284115556407,322.10495,325.44775,9.837010279315406,0.0017996665559820843,339.8761133333333,327.1987,37.10352083920279,-0.007995205329280278,0.9938236390327758,1.0,0.9948906088718606,0.9972330022448416,1.0040746408241152,1.0,0.994024578147695,0.9994387781988816,0.0,2026-03-16,318.2814,318.2814,1.0
194,320.0136,5.768363494890673,318.85880000000003,318.2814,0.8165669109142144,0.002713798874155333,321.43478571428574,320.0136,3.214816564608557,-0.004090738148095352,323.4981714285714,325.44775,7.862782887159743,-0.0006448879598969226,337.46447333333333,325.44775,35.946870375568935,-0.007316967390407736,1.0018141179472002,1.0,0.9962111204103279,0.9984172818696645,1.0048311363055327,1.0,0.9942434047291563,1.0,0.0,2026-03-18,320.0136,320.0136,1.0
195,325.2041,5.784452985220256,321.16636666666665,320.0136,2.9413825619180303,0.01075854403894657,321.3631571428572,320.0136,3.1231425089195595,-0.0009435901101830719,325.2621428571428,325.4548,4.60085266409767,-0.002906171126253072,335.53057,325.19705,34.980834728883096,-0.006606820462568856,1.0072206590025388,1.0054423538416004,0.9998261683172069,1.0,1.005989680817391,1.0,0.9955606869961774,1.0,0.0,2026-03-21,325.2041,325.2041,1.0
196,325.2041,5.784452985220256,323.47393333333326,325.2041,2.4468251651658433,0.00804474516479184,321.36517142857144,320.0136,3.125613569348888,0.0020322981355040343,324.9234285714285,325.2041,4.414323800575402,-0.00243372873344703,332.9786033333334,325.19705,32.779198630793104,-0.005497768905743134,1.0072206590025388,1.0054423538416004,1.000052270907255,1.0,0.998992588507903,1.0,0.9939478760834898,1.0,0.0,2026-03-22,325.2041,325.2041,1.0
197,330.3186,5.800057643254491,326.9089333333333,325.2041,2.410998421585741,0.007802329017117877,322.2263714285714,320.0136,4.388339325567982,0.00628273223464495,324.95003571428566,325.2041,4.445529856995531,-0.0014518067811288733,330.59712000000013,325.19705,30.188243095808005,-0.0041939777859787185,1.0106488898859138,1.0157270464917263,1.0026942772282383,1.0,1.0001159489715976,1.0,0.9944721109665473,1.0,0.0,2026-03-25,330.3186,330.3186,1.0
198,330.3186,5.800057643254491,328.61376666666666,330.3186,2.410998421585741,0.007802329017118468,323.9459714285714,325.2041,4.840673636921169,0.007203507888936354,324.9766428571428,325.2041,4.476360231532859,-0.0004748445451516298,328.35915666666676,325.19705,27.519334657384473,-0.002877373029647061,1.0052423488305753,1.0,1.0053412890713347,1.0,1.0001159489715976,1.0,0.994829336406116,1.0,0.0,2026-03-26,330.3186,330.3186,1.0
199,333.0468,5.808283020646088,331.228,330.3186,1.2860858136220998,0.004112688695799444,326.0553142857143,325.2041,5.121624588916679,0.0076797973311799736,325.1981214285714,325.2041,4.782963862379318,0.0007321687571011845,326.21213333333344,325.19705,24.3779374793047,-0.0014253741291274165,1.0079954484138263,1.0082592987497525,1.006521188892728,1.0054423538416004,1.0007058988822943,1.0,0.9951046463644411,1.0,0.004312283401229088,2026-03-28,333.0468,331.6137,1.0
200,331.6137,5.803970737244859,331.6597,331.6137,1.114257842691724,0.001956546995184253,327.9599285714286,330.3186,4.287628188742351,0.006074516283873386,325.3172357142857,325.2041,4.918566277978503,0.0017748587408168023,324.04875666666675,325.19705,20.635562325908534,6.109762096727063e-05,1.001318766630645,1.0,1.0059064747701822,1.0054423538416004,1.0003985418210215,1.0,0.9950402571598485,1.0,0.0,2026-03-29,331.6137,331.6137,1.0
201,331.6137,5.803970737244859,332.09139999999996,331.6137,0.675569818745639,-0.0021561417006138593,329.6170857142857,330.3186,2.919613665944076,0.0037790763398075403,325.5259357142857,325.2041,5.115379074293952,0.002669834640601781,322.04633,325.19705,16.469027134738912,0.001542601913480395,1.0013187666306447,1.0,1.0051289956499538,1.0,1.0006700580301409,1.0,0.9954461686638268,1.0,0.01189720473995419,2026-03-30,331.6137,327.6918,1.0
202,327.6918,5.792073532504904,330.3064,331.6137,1.8488013900903442,-0.005948602369975866,329.9724714285714,330.3186,2.478974351111649,0.0012357472794663526,325.6678142857143,325.2041,5.145846830191885,0.002885091759526904,320.04974666666664,325.19705,11.18520705788776,0.0029489076753480155,0.9946234294377897,0.9956970011421817,1.001122376222121,1.0,1.000474272269664,1.0,0.9954006251186341,1.0,0.002336322241342697,2026-03-31,327.6918,326.9271,1.0
203,327.6918,5.792073532504904,328.9991,327.6918,1.8488013900903442,-0.00594860236997627,330.32785714285717,330.3186,1.8745361284154283,-0.0015797441838983958,325.84651428571425,326.44795,5.169536414813381,0.00302140503977806,320.71175666666664,325.2041,11.029103043272476,0.002840984340218368,0.9960577623903958,1.0,1.001122376222121,1.0,1.000587323564688,1.0,1.0022599304021735,1.0,0.0,2026-04-02,327.6918,327.6918,1.0
204,327.6918,5.792073532504904,327.6918,327.6918,0.0,7.689703099430844e-16,329.9526,330.3186,2.0894355348480422,-0.0024381611882524604,326.0894857142857,327.6918,5.17061731612347,0.0030326846809748936,321.3737666666667,325.4548,10.830367328499166,0.0027052429952308743,0.9960577623903958,1.0,0.9988756552947317,1.0,1.000784966261485,1.0,1.0022599304021735,1.0,0.0,2026-04-03,327.6918,327.6918,1.0
205,327.6918,5.792073532504904,327.6918,327.6918,0.0,7.689703099430844e-16,329.57734285714287,327.6918,2.2217020874334463,-0.0030114313801222234,326.7616571428571,327.6918,4.702353320825385,0.0023815183246314754,322.0357766666667,326.69865,10.586599289721047,0.002541683640385849,1.0,1.0,0.9988756552947317,1.0,1.0021084721830331,1.0,1.0022599304021735,1.0,0.0,2026-04-04,327.6918,327.6918,1.0
206,395.024,5.978946522549009,350.1358666666667,327.6918,31.740703474805905,0.09343649502205319,338.4312285714286,327.6918,23.167219679582633,0.01789760522973362,332.24327142857146,327.6918,17.882012377183813,0.006941502737184961,324.9594933333334,327.6918,16.54926466722783,0.003544301157946412,1.0684913893685062,1.0,1.027049208059841,1.0,1.0167851984762846,1.0,1.0091652689157407,1.0,0.014816173949353702,2026-04-14,395.024,389.2144,1.0
207,389.2144,5.964130348599656,370.6434,389.2144,30.463834514168877,0.08602840804737608,346.6599,327.6918,28.82339090773326,0.030508029076878967,337.30991428571434,329.0052,22.627594708890204,0.010128670639508553,327.86451666666665,327.6918,19.636399612404905,0.004220806170772442,1.0635890711971208,1.0,1.0255629286803642,1.0,1.0157347017252734,1.0,1.0092443598563812,1.0,0.0,2026-04-15,389.2144,389.2144,1.0
208,392.4156,5.972321482252667,392.218,392.4156,2.3758713994378233,-0.0033125201481697536,355.34588571428566,327.6918,31.970045259337397,0.03827608826703162,342.4814857142857,330.3186,26.09208225269161,0.012844431510620962,330.87624666666665,327.6918,22.208624738446897,0.0048373685858918184,1.0663306621214717,1.0082247727730524,1.0267378962193716,1.0,1.0159334459346627,1.0,1.0095185189488163,1.0,0.0,2026-04-17,392.4156,392.4156,1.0
209,392.4156,5.972321482252667,391.3485333333333,392.4156,1.5090601519562372,0.004095566826505949,364.59214285714285,389.2144,31.994528370727796,0.03833202017262762,347.2823071428571,330.96614999999997,28.53993679399008,0.015194096514084843,333.8879766666667,328.19185,24.13952776303744,0.005337497826387217,0.9978392727529655,1.0,1.0284274266234879,1.0,1.0147749014228045,1.0,1.009518518948816,1.0,0.009259753293372022,2026-04-18,392.4156,388.7987,1.0
210,388.7987,5.963061728959295,391.2099666666666,392.4156,1.7050230112490763,-0.004629876646685479,373.32169999999996,389.2144,28.924618407212517,0.030958408877226645,351.82477857142857,331.6137,29.70170615900658,0.016453401546386807,336.83098333333334,329.31899999999996,25.247219943274057,0.005625854358635208,0.9996692529914721,1.0,1.02711071036654,1.0,1.0141165432943304,1.0,1.0093829045854699,1.0,0.02007287047336355,2026-04-19,388.7987,381.0722,1.0
211,381.0722,5.942988858485931,387.42883333333333,388.7987,4.73114375905962,-0.014666311883367327,380.9474714285715,389.2144,22.12739283943348,0.015327411586309639,355.45003571428566,332.33025,29.9518422699937,0.01686854189051632,339.51644000000005,329.9461,25.52402500737426,0.0056700986278985085,0.9903034115230738,0.9907829862013641,1.0242717458476625,1.0,1.0115737005711969,1.0,1.008720479531065,1.0,0.05655154924565525,2026-04-20,381.0722,360.12,1.0
212,360.12,5.886437309240276,376.66363333333334,381.0722,12.115927628906045,-0.03831220985950867,385.58007142857144,389.2144,11.17868344263367,-0.011752513337393817,357.57870714285707,346.5834,29.138048385216788,0.015039654606830054,340.5222366666667,329.9461,25.720835941722203,0.005888320815541144,0.9719760009518836,0.9801272483678573,1.0164171413171526,0.9907829862013641,1.0076463983059418,1.0,1.0036224287295183,1.0,0.033943779870821596,2026-04-21,360.12,348.1013,1.0
213,348.1013,5.852493529369455,363.0978333333333,360.12,13.624015076898434,-0.04524766455823708,378.8768285714286,388.7987,16.36929622317468,-0.019143265267218764,358.6540285714285,354.11064999999996,28.48330393585057,0.012132420489257017,341.12741000000005,329.9461,25.67842319766214,0.00584861516799776,0.9639236211980653,0.9666258469399088,0.9822959525792081,0.985293045485844,1.0046725803195247,0.9978485005710909,1.0025099569608487,1.0,0.0003844447607707317,2026-04-22,348.1013,347.9675,1.0
214,347.9675,5.852109084608684,352.0629333333333,348.1013,5.697468330368824,-0.0171641123157952,372.9844142857142,381.0722,18.826859228197556,-0.024175625657764238,359.8221571428571,354.11064999999996,27.674252636771918,0.00887770714013449,341.7281233333334,329.9461,25.620552934557352,0.005782596430081126,0.9704197481183287,0.9666258469399088,0.9843420359567514,0.9907829862013641,1.0049524823185578,0.9998078145643237,1.0024971445984705,1.0,0.0,2026-04-23,347.9675,347.9675,1.0
215,347.9675,5.852109084608684,348.0121,347.9675,0.06307392488184378,-0.00019222238038484526,366.6346857142857,360.12,18.697578339715445,-0.024037064669630317,360.9902857142857,354.11064999999996,26.789939645078313,0.0054113966597421894,342.32883666666675,330.13235,25.54843115357553,0.005692915944969041,0.9887471586895188,0.9996156291286473,0.9831670684177439,0.9907829862013641,1.0049524823185578,0.9998078145643237,1.0024971445984703,1.0,0.019114908775507405,2026-04-24,347.9675,341.3793,1.0
216,341.3793,5.832994175833177,345.77143333333333,347.9675,3.1057072638754617,-0.009557454387753376,359.34378571428573,348.1013,17.105865564138156,-0.021653229705872832,361.9679642857142,354.11064999999996,25.78791488966453,0.0007951332564743169,342.7099433333334,330.3186,25.445944153606394,0.005456251720561402,0.9935607505766321,0.9996156291286473,0.9804623002179224,0.9810666226012488,1.0044448634207053,0.9998078145643237,1.001866032018512,1.0,0.0009084933907749133,2026-04-25,341.3793,341.0693,1.0
217,341.3793,5.832994175833177,343.5753666666667,341.3793,3.1057072638754617,-0.009557454387753267,352.56958571428567,347.9675,12.99547574465037,-0.015616241411901339,362.9456428571428,354.11064999999996,24.706690020076817,-0.004001001106478505,343.13285666666684,330.96614999999997,25.31454234112194,0.005178165403920528,0.9936888742004163,1.0,0.9817790164748702,0.9810666226012488,1.0044448634207053,0.9998078145643237,1.0019927395827677,1.0,0.023951190519482437,2026-04-27,341.3793,333.3,1.0
218,333.3,5.8090429853136945,338.68620000000004,341.3793,3.8086185448269774,-0.011975595259740825,345.7449857142857,347.9675,7.700356996998543,-0.010367735272421963,363.3462285714285,354.11064999999996,24.17151745323493,-0.009661326158244322,343.38600666666673,331.6137,25.176597188909827,0.004665757483329248,0.9857999951734806,0.9810666226012488,0.9812370328393467,0.9810666226012488,1.0027543893435047,0.9951993076650056,1.001506708752812,1.0,0.002925366825355592,2026-04-28,333.3,332.3264,1.0
219,332.3264,5.806117618488338,335.66856666666666,333.3,4.057612651410793,-0.01343827867241877,341.7744714285714,341.3793,6.303411844552181,-0.008727672857458306,363.6772714285714,354.11064999999996,23.70823970766971,-0.015479824120663179,343.6238866666667,331.97005,25.03687548034876,0.004113296717047547,0.9911374236033272,0.997078907890789,0.9886743384971125,0.997078907890789,1.0025457399071325,0.9939309470460765,1.0014620962868495,1.0,0.0,2026-04-29,332.3264,332.3264,1.0
220,332.3264,5.806117618488338,332.65093333333334,332.3264,0.45895944144216405,-0.0014626834126778704,339.5209142857143,341.3793,6.456653949316506,-0.009068161468615258,359.1988714285714,348.0344,23.28181944882649,-0.015199406305731331,343.89176000000003,332.3264,24.871029395484754,0.0035320680296863837,0.9911374236033272,0.997078907890789,0.993442074648554,0.9996156291286473,0.9878690136138809,0.9939309470460765,1.0015543295453546,1.0,0.0,2026-04-30,332.3264,332.3264,1.0
221,350.0681,5.858127706985465,338.2403,332.3264,8.363517586518263,0.026005044248564785,339.82099999999997,341.3793,6.87736055848671,-0.00223477874657741,356.4027071428572,348.0344,21.813467631176334,-0.013161743766966579,344.9513166666667,332.6866,24.430595518940088,0.003146511225988943,1.0168217591453035,1.0,1.0011236089937647,1.0,0.992732822475258,0.9983472685097181,1.0039515112935813,1.0,0.0,2026-05-03,350.0681,350.0681,1.0
222,355.2684,5.872873560146829,345.8876333333333,350.0681,9.821441413673574,0.03337797082924539,340.8639857142857,341.3793,8.415365095794137,0.005963566015006359,353.7493357142858,348.0344,19.39693654562888,-0.009966788087276381,346.1842166666667,333.1734,23.982755195835797,0.0028137344271844385,1.0227471597217406,1.0148551096200995,1.0032457675109219,1.0,0.9932064179643325,0.9983472685097181,1.0044466816142512,1.0,0.0,2026-05-05,355.2684,355.2684,1.0
223,355.2684,5.872873560146829,353.53496666666666,355.2684,2.451444929469588,0.007372926580682543,342.8481428571428,341.3793,9.822656267143273,0.010689621110869588,351.0959642857143,348.0344,16.204140357884164,-0.006334698684044063,347.4171166666667,337.33965,23.46169242268601,0.0024320420942287933,1.0227471597217406,1.0148551096200995,1.0059505357107432,1.0,0.9932064179643328,0.9983472685097181,1.0044466816142514,1.0,0.0,2026-05-06,355.2684,355.2684,1.0
224,355.2684,5.872873560146829,355.2684,355.2684,0.0,5.8108396167601e-16,344.8323,350.0681,10.69004319234893,0.013991412481244955,348.7009428571428,348.0344,12.511838561864655,-0.0025707421493585667,348.5922766666668,341.3793,22.93671745885017,0.0020388659357312077,1.0049517032067,1.0,1.0059505357107432,1.0,0.9938647760928069,0.9998078145643237,1.0042652698195313,1.0,0.014745853161362949,2026-05-07,355.2684,350.0681,1.0
225,350.0681,5.858127706985465,353.53496666666666,355.2684,2.4514449294695884,-0.007372926580681392,347.22774285714286,350.0681,9.66726285059267,0.010867428641776167,346.48636428571433,348.0344,8.77071129601301,0.0005065928236275136,349.42107666666675,344.6734,22.522103363239758,0.0016150166577731987,0.9951207781684683,1.0,1.0072403887944879,1.0,0.9942387108169174,0.9998078145643237,1.0032366935308443,1.0,0.04141335192939259,2026-05-08,350.0681,335.8667,1.0
226,335.8667,5.816714355056073,347.0677333333333,350.0681,8.199924423364461,-0.0280796025453768,347.7335,350.0681,8.939675137913495,0.0011353646322571408,344.7539857142857,347.9675,8.28872134924985,0.0009093684322923448,349.7764966666668,344.6734,22.219228657321167,0.000891203720308307,0.981598266405757,0.985362334505405,1.0018623254832133,1.0,0.9952683319901627,0.9998078145643237,1.0018844423545732,1.0,0.05142325727089497,2026-05-09,335.8667,319.0319,1.0
227,319.0319,5.765291097785178,334.9889,335.8667,12.68566979548183,-0.046418304600143886,345.83428571428567,350.0681,12.652377240370798,-0.014484788962276689,342.6776,344.6734,10.528541196467545,-0.0009696430672085033,349.4002733333335,344.6734,22.63713602718526,-7.11081718763793e-05,0.964890447500221,0.9594324647118659,0.994701831666555,1.0,0.9940719531575544,0.9998078145643237,0.9996894255809621,1.0,0.0,2026-05-10,319.0319,319.0319,1.0
228,319.0319,5.765291097785178,324.64349999999996,319.0319,7.936000826612847,-0.025711628635447268,341.40054285714285,350.0681,15.507669601740117,-0.021216839889250005,340.6107714285714,341.3793,12.021509525574121,-0.002478021178232947,349.0240500000001,344.6734,23.04132472118664,-0.0010179510783128282,0.9697696693317527,0.9594324647118659,0.9870752074458232,1.0,0.9940994082197937,1.0,0.9996894255809621,1.0,0.0,2026-05-11,319.0319,319.0319,1.0
229,319.0319,5.765291097785178,319.0319,319.0319,0.0,-3.567723153149837e-16,336.2239,335.8667,16.052903689186124,-0.022526747178876483,338.5439428571429,338.623,13.024578386031445,-0.0036047817647578612,348.5568866666667,344.6734,23.498076973711893,-0.0018925982583692892,0.983292181094464,1.0,0.9849530489286662,1.0,0.9940994082197937,1.0,0.9994141156226368,1.0,0.0,2026-05-12,319.0319,319.0319,1.0
230,319.0319,5.765291097785178,319.0319,319.0319,0.0,-3.567723153149837e-16,331.0472571428571,319.0319,14.876436222799473,-0.019994423669872495,336.9477,334.58335,13.918034750895787,-0.004980086654547795,348.1374933333334,344.6734,23.905484157461068,-0.0027778565484849645,1.0,1.0,0.9849530489286662,1.0,0.9954517923197047,1.0,0.9995575489178974,1.0,0.01859346081371486,2026-05-13,319.0319,313.1548,1.0
231,313.1548,5.746697636971463,317.0728666666667,319.0319,2.7704915091409648,-0.009296730406857292,325.0310285714286,319.0319,12.125944443773,-0.015612025877992835,334.9316642857143,332.8132,15.122181178681439,-0.006589037334409151,347.52219666666673,344.6734,24.55168736303723,-0.003765862577127585,0.993859443731698,1.0,0.9823213819565366,0.985362334505405,0.9941359588336399,1.0,0.9989434932910672,1.0,0.004782861780977819,2026-05-14,313.1548,311.6606,1.0
232,311.6606,5.7419147751904855,314.6157666666666,313.1548,3.181701182631012,-0.011688161297345812,319.5442428571428,319.0319,7.274705617187171,-0.00934234504372102,333.38599285714287,332.3264,16.272144894945214,-0.00874491544992198,346.9878233333333,344.6734,25.14478303009305,-0.004841292440706782,0.9922689630280118,0.9952285578889417,0.983730842439899,0.9952285578889417,0.9954856156171934,1.0,0.9991786689816592,1.0,0.014973220928353318,2026-05-15,311.6606,307.0288,1.0
233,307.0288,5.726941554262132,310.61473333333333,311.6606,2.6079809321048106,-0.009878041354664533,315.42454285714285,319.0319,4.501739327624113,-0.0064426691632941116,331.5790214285715,325.67915,17.63686202779275,-0.011129971486758974,346.2990566666667,344.6734,25.934506262605467,-0.005991006151292318,0.9873150698078444,0.9851383203394976,0.9874031075295607,0.9952285578889417,0.994632716506387,1.0,0.9986832796596425,0.9998078145643237,0.009681971847652642,2026-05-16,307.0288,304.0705,1.0
234,304.0705,5.71725958241448,307.58663333333334,307.0288,3.1236504310750863,-0.012327596388002455,313.28720000000004,313.1548,5.679326180354255,-0.00872035556260282,329.5607428571429,319.0319,18.99991828853536,-0.01344362863473252,345.51168,344.6734,26.830567511446095,-0.007174204450775863,0.9902438752566795,0.9903647475415986,0.9931871367093045,0.9952285578889417,0.9939444841879297,0.9976142789444709,0.9983621045776957,0.9983472685097181,0.0018842322310624708,2026-05-17,304.0705,303.4981,1.0
